[{"model": "sessions.session", "pk": "10pyovim0k00dn863k14tfev5hr2e8np", "fields": {"session_data": ".eJxVjDsOwjAQBe_iGlnO-k9JnzNY68_iAHKkOKkQdyeRUkD7Zua9WcBtrWHrZQlTZlc2sMvvFjE9SztAfmC7zzzNbV2myA-Fn7Tzcc7ldTvdv4OKve61AuskCRLSRO8dSFAOVTEmZvTSU9RWC1uGDCSKBZLWoQOddh2ipcQ-X72UN1U:1uFsLF:qxRa1S8NxjM44KdRbkg6DSLuUiR_DtWSUqAwkFnUO_A", "expire_date": "2025-05-30T16:01:01.313"}}, {"model": "sessions.session", "pk": "7udjre0l1zssl6ya1jfz3g87neh9y5la", "fields": {"session_data": ".eJxVjDsOwjAQBe_iGlnO-k9JnzNY68_iAHKkOKkQdyeRUkD7Zua9WcBtrWHrZQlTZlc2sMvvFjE9SztAfmC7zzzNbV2myA-Fn7Tzcc7ldTvdv4OKve61AuskCRLSRO8dSFAOVTEmZvTSU9RWC1uGDCSKBZLWoQOddh2ipcQ-X72UN1U:1u9Hvr:z7JmiaM7uMH2kVYxDyHh-5kYT1EUvuSKLOWHi7iINv0", "expire_date": "2025-05-12T11:55:35.403"}}, {"model": "sessions.session", "pk": "ahkn9uu296ix29cnq4p3ayc4e8bo07x5", "fields": {"session_data": ".eJxVjDsOwjAQBe_iGlnO-k9JnzNY68_iAHKkOKkQdyeRUkD7Zua9WcBtrWHrZQlTZlc2sMvvFjE9SztAfmC7zzzNbV2myA-Fn7Tzcc7ldTvdv4OKve61AuskCRLSRO8dSFAOVTEmZvTSU9RWC1uGDCSKBZLWoQOddh2ipcQ-X72UN1U:1u7uxT:sr19071ZpbqVsjWJVxyzfONH83veuLBKqPzqtdm-eVo", "expire_date": "2025-05-08T17:11:35.129"}}, {"model": "sessions.session", "pk": "eg092ytxol7nzoem50gfe2ha2jhklkqc", "fields": {"session_data": ".eJxVjDsOwjAQBe_iGlnO-k9JnzNY68_iAHKkOKkQdyeRUkD7Zua9WcBtrWHrZQlTZlc2sMvvFjE9SztAfmC7zzzNbV2myA-Fn7Tzcc7ldTvdv4OKve61AuskCRLSRO8dSFAOVTEmZvTSU9RWC1uGDCSKBZLWoQOddh2ipcQ-X72UN1U:1uKWqt:8TxtqRPGSzKknuXM7dpWNB4ryuN2fMZurODCd7g4Slc", "expire_date": "2025-06-12T12:04:55.740"}}, {"model": "sessions.session", "pk": "f5qh35p1tdfv1h2ve2pqy9zpf6ey5h87", "fields": {"session_data": ".eJxVjDsOwjAQBe_iGlnO-k9JnzNY68_iAHKkOKkQdyeRUkD7Zua9WcBtrWHrZQlTZlc2sMvvFjE9SztAfmC7zzzNbV2myA-Fn7Tzcc7ldTvdv4OKve61AuskCRLSRO8dSFAOVTEmZvTSU9RWC1uGDCSKBZLWoQOddh2ipcQ-X72UN1U:1uDME8:qfl1jdFFljcmkUC4eBpanmqv88UmFvHOB1k9D8atfOU", "expire_date": "2025-05-23T17:19:16.328"}}, {"model": "sessions.session", "pk": "gpx3ktt0ylitkfvd8fljui1noka3004f", "fields": {"session_data": ".eJxVjDsOwjAQBe_iGlnO-k9JnzNY68_iAHKkOKkQdyeRUkD7Zua9WcBtrWHrZQlTZlc2sMvvFjE9SztAfmC7zzzNbV2myA-Fn7Tzcc7ldTvdv4OKve61AuskCRLSRO8dSFAOVTEmZvTSU9RWC1uGDCSKBZLWoQOddh2ipcQ-X72UN1U:1u7vDI:eTQ89ahINL7s8mej_26AThAUcngLb-_hj0egyhnyKpA", "expire_date": "2025-05-08T17:27:56.623"}}, {"model": "sessions.session", "pk": "hd5drku6g4q78ajl0wvmv5t7fdiaqzfd", "fields": {"session_data": ".eJxVjDsOwjAQBe_iGlnO-k9JnzNY68_iAHKkOKkQdyeRUkD7Zua9WcBtrWHrZQlTZlc2sMvvFjE9SztAfmC7zzzNbV2myA-Fn7Tzcc7ldTvdv4OKve61AuskCRLSRO8dSFAOVTEmZvTSU9RWC1uGDCSKBZLWoQOddh2ipcQ-X72UN1U:1uFW5s:ehB_s7jEHVKiao4Jh6tltFOb3IC-CP_Xp8Sk1xL6Qi0", "expire_date": "2025-05-29T16:15:40.103"}}, {"model": "sessions.session", "pk": "kntfivu3ib149eg6s8v37pp852v83tng", "fields": {"session_data": ".eJxVjDsOwjAQBe_iGlnO-k9JnzNY68_iAHKkOKkQdyeRUkD7Zua9WcBtrWHrZQlTZlc2sMvvFjE9SztAfmC7zzzNbV2myA-Fn7Tzcc7ldTvdv4OKve61AuskCRLSRO8dSFAOVTEmZvTSU9RWC1uGDCSKBZLWoQOddh2ipcQ-X72UN1U:1uCXFv:-YI908h2AGXmYbD3c-HQw1AFHN2msXSlrA8866EtDXE", "expire_date": "2025-05-21T10:53:43.866"}}, {"model": "sessions.session", "pk": "l54vwlpl54wml3ltg0m9oflnda1xyhk1", "fields": {"session_data": ".eJxVjDsOwjAQBe_iGlnO-k9JnzNY68_iAHKkOKkQdyeRUkD7Zua9WcBtrWHrZQlTZlc2sMvvFjE9SztAfmC7zzzNbV2myA-Fn7Tzcc7ldTvdv4OKve61AuskCRLSRO8dSFAOVTEmZvTSU9RWC1uGDCSKBZLWoQOddh2ipcQ-X72UN1U:1uKcA7:X_Fu_XRIHRU0aw6naAiDDX605kXmlvck0J4u7D26Qfc", "expire_date": "2025-06-12T17:45:07.917"}}, {"model": "sessions.session", "pk": "m6jy43l1p08vfikw71f8t50bczhhm21m", "fields": {"session_data": ".eJxVjDsOwjAQBe_iGlnO-k9JnzNY68_iAHKkOKkQdyeRUkD7Zua9WcBtrWHrZQlTZlc2sMvvFjE9SztAfmC7zzzNbV2myA-Fn7Tzcc7ldTvdv4OKve61AuskCRLSRO8dSFAOVTEmZvTSU9RWC1uGDCSKBZLWoQOddh2ipcQ-X72UN1U:1u7vDZ:rRlByMqgDhYRQNbsie_aM3zfT7ViolgO8bnpBkMhdKo", "expire_date": "2025-05-08T17:28:13.049"}}, {"model": "sessions.session", "pk": "se2t7b5n7sv0vjm26km7nlzlqny9jj0k", "fields": {"session_data": ".eJxVjDsOwjAQBe_iGlnO-k9JnzNY68_iAHKkOKkQdyeRUkD7Zua9WcBtrWHrZQlTZlc2sMvvFjE9SztAfmC7zzzNbV2myA-Fn7Tzcc7ldTvdv4OKve61AuskCRLSRO8dSFAOVTEmZvTSU9RWC1uGDCSKBZLWoQOddh2ipcQ-X72UN1U:1u7uf2:mr9Mo8O7XyG84Rcd_AEJVuboP8YAjnl--rM4j1ULo4Y", "expire_date": "2025-05-08T16:52:32.379"}}, {"model": "sessions.session", "pk": "sjwnhkax7xkbnfw9py6b28rsje1t2y72", "fields": {"session_data": ".eJxVjDsOwjAQBe_iGlnO-k9JnzNY68_iAHKkOKkQdyeRUkD7Zua9WcBtrWHrZQlTZlc2sMvvFjE9SztAfmC7zzzNbV2myA-Fn7Tzcc7ldTvdv4OKve61AuskCRLSRO8dSFAOVTEmZvTSU9RWC1uGDCSKBZLWoQOddh2ipcQ-X72UN1U:1uKygN:kaYNjjhZn5fFTIZcKDKcdtb7Yy_wUYSBxRvVm-vu9vI", "expire_date": "2025-06-13T17:47:55.392"}}, {"model": "sessions.session", "pk": "stbcupmqis6gqjvg0skbhtby3oqtwmf3", "fields": {"session_data": ".eJxVjDsOwjAQBe_iGlnO-k9JnzNY68_iAHKkOKkQdyeRUkD7Zua9WcBtrWHrZQlTZlc2sMvvFjE9SztAfmC7zzzNbV2myA-Fn7Tzcc7ldTvdv4OKve61AuskCRLSRO8dSFAOVTEmZvTSU9RWC1uGDCSKBZLWoQOddh2ipcQ-X72UN1U:1uFV3e:P0uHP5wZD6XBcqRLSkXwwn8sY4HuS3VMUm8M9ArHZEI", "expire_date": "2025-05-29T15:09:18.868"}}, {"model": "sessions.session", "pk": "vs8zyokkmv0mo4h3no7jnp4efkj8xhrs", "fields": {"session_data": ".eJxVjDsOwjAQBe_iGlnO-k9JnzNY68_iAHKkOKkQdyeRUkD7Zua9WcBtrWHrZQlTZlc2sMvvFjE9SztAfmC7zzzNbV2myA-Fn7Tzcc7ldTvdv4OKve61AuskCRLSRO8dSFAOVTEmZvTSU9RWC1uGDCSKBZLWoQOddh2ipcQ-X72UN1U:1uKzNG:EUHRXNEcSKAEzkDPF5TxX2XiPgsFn5Hr-xWWLd4qwuo", "expire_date": "2025-06-13T18:32:14.899"}}, {"model": "sessions.session", "pk": "x7qlfvbp5urfzo0rohet0hv4rmt43t5l", "fields": {"session_data": ".eJxVjDsOwjAQBe_iGlnO-k9JnzNY68_iAHKkOKkQdyeRUkD7Zua9WcBtrWHrZQlTZlc2sMvvFjE9SztAfmC7zzzNbV2myA-Fn7Tzcc7ldTvdv4OKve61AuskCRLSRO8dSFAOVTEmZvTSU9RWC1uGDCSKBZLWoQOddh2ipcQ-X72UN1U:1uKV8E:i82z8FiqTFgefI3VNKwVHgI1b2nqbuFeedh8bij8ZRc", "expire_date": "2025-06-12T10:14:42.175"}}, {"model": "sessions.session", "pk": "zv1dikf9zsrryxqphbtp7sh8hc8k8xpx", "fields": {"session_data": ".eJxVjDsOwjAQBe_iGlnO-k9JnzNY68_iAHKkOKkQdyeRUkD7Zua9WcBtrWHrZQlTZlc2sMvvFjE9SztAfmC7zzzNbV2myA-Fn7Tzcc7ldTvdv4OKve61AuskCRLSRO8dSFAOVTEmZvTSU9RWC1uGDCSKBZLWoQOddh2ipcQ-X72UN1U:1u9z7N:Pw8eNytah5_eaVD_2PmVqVo-XOgwqSU5qaVYICc8Y1Q", "expire_date": "2025-05-14T10:02:21.714"}}, {"model": "accounts.customuser", "fields": {"password": "pbkdf2_sha256$870000$xB5M9mB8YhdCAf8irQDyaY$RoZk6hVRNbhE9VfYYEe3SBt/4tlTU0rsGgYhDvJGDuI=", "last_login": "2026-03-26T22:47:08.199", "phone_number": "9898989898", "username": "admin", "email": null, "date_joined": "2025-04-24", "is_active": true, "is_staff": true, "is_new": true, "is_superuser": true, "gender": null, "region": null, "name": null, "address": null, "city": null, "state": null, "pincode": null, "reset_password_token": null, "groups": [], "user_permissions": []}}, {"model": "accounts.customuser", "fields": {"password": "pbkdf2_sha256$870000$B63JqvgRtBGpVIrPwmsKLc$5HBvVe0JxDlwovXuzCl7Av4gDC6yRsdVGFX3lFvGIIA=", "last_login": null, "phone_number": "+91 7894561231", "username": null, "email": "atif@webify.ai", "date_joined": "2025-04-25", "is_active": true, "is_staff": false, "is_new": true, "is_superuser": false, "gender": null, "region": null, "name": "Atif", "address": null, "city": null, "state": null, "pincode": null, "reset_password_token": "rFyoll", "groups": [], "user_permissions": []}}, {"model": "accounts.customuser", "fields": {"password": "pbkdf2_sha256$870000$wDfiNotxncVMvt3ehQjynQ$dwGV2yFsQKx4VPjj6q2UKtZKksZzFW8OBBXt5RClkVA=", "last_login": null, "phone_number": "+91 8980423080", "username": null, "email": "moin@webify.ai", "date_joined": "2025-04-28", "is_active": true, "is_staff": false, "is_new": true, "is_superuser": false, "gender": null, "region": null, "name": "Moin Shaikh", "address": null, "city": null, "state": null, "pincode": null, "reset_password_token": "kiFQkL", "groups": [], "user_permissions": []}}, {"model": "accounts.customuser", "fields": {"password": "pbkdf2_sha256$870000$jJj0fJPpCyD7CYYXs7oybI$gE09RwMm8K/uoUtXlOwYkyPNnYVZ7SZKSWYDb+2zlZY=", "last_login": null, "phone_number": "9892993475", "username": null, "email": "atifshaikh2654@gmail.com", "date_joined": "2025-05-17", "is_active": true, "is_staff": false, "is_new": true, "is_superuser": false, "gender": null, "region": null, "name": "Aatif shaikh", "address": null, "city": null, "state": null, "pincode": null, "reset_password_token": null, "groups": [], "user_permissions": []}}, {"model": "accounts.customuser", "fields": {"password": "pbkdf2_sha256$870000$r5zWcoD7PLfsWfY0sm1nbx$Le08mHLJQOqjmmqSz7ioN1Eq4fSw7VGsiRhVt5TWoyM=", "last_login": null, "phone_number": "8140277661", "username": "adnan369", "email": "adnanshaikh1402@gmail.com", "date_joined": "2025-05-29", "is_active": true, "is_staff": false, "is_new": false, "is_superuser": false, "gender": null, "region": null, "name": "Adnan shaikh", "address": null, "city": null, "state": null, "pincode": null, "reset_password_token": null, "groups": [], "user_permissions": []}}, {"model": "accounts.customuser", "fields": {"password": "pbkdf2_sha256$870000$mGH2IKdSPBt2Jg6li6OrTS$rnEjYC29b5n4JulCWhyZNHw3yuT7+UUBCyuqxhpetSM=", "last_login": null, "phone_number": "9104482200", "username": null, "email": "adnan.imscit20@gmail.com", "date_joined": "2025-05-31", "is_active": false, "is_staff": false, "is_new": true, "is_superuser": false, "gender": null, "region": null, "name": "Adnan shaikh", "address": null, "city": null, "state": null, "pincode": null, "reset_password_token": null, "groups": [], "user_permissions": []}}, {"model": "accounts.customuser", "fields": {"password": "pbkdf2_sha256$870000$TpJbKD7UXFsg2XHZKWQ5gl$XToMfMAqJeWsdk4lUbnrJ8tNefNEFlBt6TQWEF2p8rA=", "last_login": null, "phone_number": "9327201570", "username": null, "email": "ishaq@webify.ai", "date_joined": "2025-05-31", "is_active": true, "is_staff": false, "is_new": false, "is_superuser": false, "gender": null, "region": null, "name": "Ishaq shaikh", "address": null, "city": null, "state": null, "pincode": null, "reset_password_token": null, "groups": [], "user_permissions": []}}, {"model": "accounts.customuser", "fields": {"password": "pbkdf2_sha256$870000$0KdQtX0xXnl2vXWDbwyPcM$wIjr01Va0CG7BBGg055TP/UXiv2AP4ovIildgpsugik=", "last_login": null, "phone_number": "9328201670", "username": null, "email": "webifycare@gmail.com", "date_joined": "2025-05-31", "is_active": true, "is_staff": false, "is_new": true, "is_superuser": false, "gender": null, "region": null, "name": "webify", "address": null, "city": null, "state": null, "pincode": null, "reset_password_token": null, "groups": [], "user_permissions": []}}, {"model": "accounts.customuser", "fields": {"password": "pbkdf2_sha256$870000$owCk8ChDM4EcMCKoCOY2hi$PacHRryPAbJNOvtCPVqESiQYy1HoSz8K+oMCFXTFjBc=", "last_login": null, "phone_number": "9999999999", "username": null, "email": "aman@webify.ai", "date_joined": "2025-06-05", "is_active": true, "is_staff": false, "is_new": true, "is_superuser": false, "gender": null, "region": null, "name": "aman", "address": null, "city": null, "state": null, "pincode": null, "reset_password_token": null, "groups": [], "user_permissions": []}}, {"model": "accounts.customuser", "fields": {"password": "pbkdf2_sha256$870000$IlAho7zj0qPbSKao2gtwm0$De5i1lPM3NmGUPfTMmPLJJ2csFSfLnkUMZ6PN91DW/c=", "last_login": null, "phone_number": "9892993471", "username": null, "email": "aatifatwork@gmail.com", "date_joined": "2025-08-11", "is_active": true, "is_staff": false, "is_new": false, "is_superuser": false, "gender": null, "region": null, "name": "Aatif Shaikh", "address": null, "city": null, "state": null, "pincode": null, "reset_password_token": null, "groups": [], "user_permissions": []}}, {"model": "accounts.customuser", "fields": {"password": "pbkdf2_sha256$870000$zJAAD481xv1QQreMZbFkcH$UoZgfZTGZ9Sl576dpRC0xEtBXceJVEeUpZaAt0XsNjg=", "last_login": null, "phone_number": "9999999994", "username": null, "email": "aman1234@webify.ai", "date_joined": "2025-08-11", "is_active": false, "is_staff": false, "is_new": true, "is_superuser": false, "gender": null, "region": null, "name": "aman", "address": null, "city": null, "state": null, "pincode": null, "reset_password_token": null, "groups": [], "user_permissions": []}}, {"model": "accounts.customuser", "fields": {"password": "pbkdf2_sha256$870000$6boea1F4BVsdVfbiIyfLSU$vGudc0C2pxS+qRdwe93ep73BL6TBX0pEMeRIA71nmU8=", "last_login": null, "phone_number": "9898899889", "username": null, "email": "usama@webify.ai", "date_joined": "2025-08-11", "is_active": true, "is_staff": false, "is_new": false, "is_superuser": false, "gender": null, "region": null, "name": "atif", "address": null, "city": null, "state": null, "pincode": null, "reset_password_token": null, "groups": [], "user_permissions": []}}, {"model": "accounts.customuser", "fields": {"password": "pbkdf2_sha256$870000$XAdCoevAytReg75Xd2tvh2$+Xss5a78X5fJQtVFlbFnQL6tuaZcX6rnDbi4eOGkj9w=", "last_login": null, "phone_number": "9090909090", "username": null, "email": "ansariusama60000@gmail.com", "date_joined": "2025-08-13", "is_active": true, "is_staff": false, "is_new": false, "is_superuser": false, "gender": null, "region": null, "name": "usama", "address": null, "city": null, "state": null, "pincode": null, "reset_password_token": null, "groups": [], "user_permissions": []}}, {"model": "accounts.customuser", "fields": {"password": "pbkdf2_sha256$870000$LzWOsnSB3o3K0oUvVwY3F3$PXP1BO86tcw4/toEk7dTMtAhKv3GvGGygkNs/Yzht40=", "last_login": null, "phone_number": "9867882184", "username": null, "email": "om.dhakadh2011@gmail.com", "date_joined": "2025-08-14", "is_active": true, "is_staff": false, "is_new": false, "is_superuser": false, "gender": null, "region": null, "name": "om prakash dhakar", "address": null, "city": null, "state": null, "pincode": null, "reset_password_token": null, "groups": [], "user_permissions": []}}, {"model": "accounts.customuser", "fields": {"password": "pbkdf2_sha256$870000$rt3z9egewUJaiteRdVyVAF$M+4Aq6ZACqufeKqZYmroEhdboqyNhC2A+SS5ft7PU2k=", "last_login": null, "phone_number": "8980423080", "username": null, "email": "moin1@webify.ai", "date_joined": "2025-08-28", "is_active": false, "is_staff": false, "is_new": true, "is_superuser": false, "gender": null, "region": null, "name": "Moin Shaikh", "address": null, "city": null, "state": null, "pincode": null, "reset_password_token": null, "groups": [], "user_permissions": []}}, {"model": "accounts.customuser", "fields": {"password": "pbkdf2_sha256$870000$wcRNJ1ljvJzk0LMbmp4vFm$s+DYDUNMw01ybQRJTNQtCMqGiRkqhxHZW+N19hlt4E0=", "last_login": null, "phone_number": "8200381950", "username": "shlok", "email": "shlokpatelhj@gmail.com", "date_joined": "2025-09-01", "is_active": true, "is_staff": false, "is_new": false, "is_superuser": false, "gender": null, "region": null, "name": "Patel Shlok", "address": null, "city": null, "state": null, "pincode": null, "reset_password_token": null, "groups": [], "user_permissions": []}}, {"model": "accounts.customuser", "fields": {"password": "pbkdf2_sha256$870000$O6QLwqu9Bm8elsbMNiYnyC$J5ic9mLHT+SbDtv5vRy6wXje+Cr2aO1/Fw+63z+1+mE=", "last_login": null, "phone_number": "7887483249", "username": null, "email": "komalmore549@gmail.com", "date_joined": "2025-09-12", "is_active": true, "is_staff": false, "is_new": false, "is_superuser": false, "gender": null, "region": null, "name": "Komal M", "address": null, "city": null, "state": null, "pincode": null, "reset_password_token": null, "groups": [], "user_permissions": []}}, {"model": "accounts.customuser", "fields": {"password": "pbkdf2_sha256$870000$9dsRl1AUEZwoOmmDFSkHg7$JI89khC6EpCUKLY0SG/Z5oe0kBx7aB8aUnSESHiRDoY=", "last_login": null, "phone_number": "9725680994", "username": null, "email": "sanghariyatarif090880@gmail.com", "date_joined": "2025-09-13", "is_active": true, "is_staff": false, "is_new": false, "is_superuser": false, "gender": null, "region": null, "name": "Sanghariyat arif", "address": null, "city": null, "state": null, "pincode": null, "reset_password_token": null, "groups": [], "user_permissions": []}}, {"model": "accounts.customuser", "fields": {"password": "pbkdf2_sha256$870000$gmrPImIwE5z9d3c9SiHfiC$ePjSxXD1EYKHGsiRjxsPgog69rg2MLRAR9ybZsuY19g=", "last_login": null, "phone_number": "8299249275", "username": null, "email": "zulquarnainsiddiqui6383@gmail.com", "date_joined": "2025-09-16", "is_active": true, "is_staff": false, "is_new": false, "is_superuser": false, "gender": null, "region": null, "name": "ZULQURNAIN ", "address": null, "city": null, "state": null, "pincode": null, "reset_password_token": null, "groups": [], "user_permissions": []}}, {"model": "accounts.customuser", "fields": {"password": "pbkdf2_sha256$870000$hI9gdNAyplMDVTkuyR3969$8+mb8u+PtrxXNIavsT4nr6c625yObjpYV5BIyh1Hwq4=", "last_login": "2025-09-23T15:20:14.441", "phone_number": "9898989896", "username": "admin2", "email": null, "date_joined": "2025-09-23", "is_active": true, "is_staff": true, "is_new": true, "is_superuser": true, "gender": null, "region": null, "name": null, "address": null, "city": null, "state": null, "pincode": null, "reset_password_token": null, "groups": [], "user_permissions": []}}, {"model": "accounts.customuser", "fields": {"password": "pbkdf2_sha256$870000$dmMzebuUdUIvTZLGvXOZeU$SxINwl+vvwhaDo63eQKn5DlocwP1mDDEfkcJg86bhWU=", "last_login": null, "phone_number": "9099023996", "username": null, "email": "mushir.gandhi9@gmail.com", "date_joined": "2025-10-04", "is_active": true, "is_staff": false, "is_new": false, "is_superuser": false, "gender": null, "region": null, "name": "Mushir Gandhi", "address": null, "city": null, "state": null, "pincode": null, "reset_password_token": null, "groups": [], "user_permissions": []}}, {"model": "accounts.customuser", "fields": {"password": "pbkdf2_sha256$870000$AnLmNnePMiDMHb6eQGqWhT$2zY7TQmsxS4bC40aEwNNVKxQmblGmEzIO1BUAy0uUOw=", "last_login": null, "phone_number": "9998986853", "username": "Ali Hushain ", "email": "www.taianash9292@gmail.com", "date_joined": "2025-10-05", "is_active": true, "is_staff": false, "is_new": false, "is_superuser": false, "gender": null, "region": null, "name": "Tai mohammad anash", "address": null, "city": null, "state": null, "pincode": null, "reset_password_token": null, "groups": [], "user_permissions": []}}, {"model": "accounts.customuser", "fields": {"password": "pbkdf2_sha256$870000$AoDBPf9HKMHkqK3nlUCf8Z$6EYI0O4gWrZSpiwT4Gsvonn4CDXKfyF8c44/BCnZxjg=", "last_login": null, "phone_number": "7014402294", "username": null, "email": "vishalgupta.gupta78@gmail.com", "date_joined": "2025-10-07", "is_active": true, "is_staff": false, "is_new": false, "is_superuser": false, "gender": null, "region": null, "name": "Vishal gupta ", "address": null, "city": null, "state": null, "pincode": null, "reset_password_token": null, "groups": [], "user_permissions": []}}, {"model": "accounts.customuser", "fields": {"password": "pbkdf2_sha256$870000$7KeuZZHENXnJ5awqeBJJY2$uDDEvw/YyaapR5PA12tFJAQcdv+5xcjKnI9in56Y66I=", "last_login": null, "phone_number": "9712063836", "username": null, "email": "samirmalek1354@gmail.com", "date_joined": "2025-10-08", "is_active": true, "is_staff": false, "is_new": false, "is_superuser": false, "gender": null, "region": null, "name": "Samir malek ", "address": null, "city": null, "state": null, "pincode": null, "reset_password_token": null, "groups": [], "user_permissions": []}}, {"model": "accounts.customuser", "fields": {"password": "pbkdf2_sha256$870000$J00lzMZEpSCMLzUp1QWcDJ$9mHBCffaXLjDxEPaZNMGPt3e1TMxxQr/3Jcqer0tAFI=", "last_login": null, "phone_number": "7248127350", "username": null, "email": "mohammadahbab0@gmail.com", "date_joined": "2025-10-18", "is_active": false, "is_staff": false, "is_new": true, "is_superuser": false, "gender": null, "region": null, "name": "Ahbab", "address": null, "city": null, "state": null, "pincode": null, "reset_password_token": null, "groups": [], "user_permissions": []}}, {"model": "accounts.customuser", "fields": {"password": "pbkdf2_sha256$870000$ZaEkMoJbsDRIp2mXWgGOEN$/6797qela6WrjyXUuTf6dhdaYW+zqwwXUDn8qfh0lVM=", "last_login": null, "phone_number": "7391015533", "username": null, "email": "prashantsb9028@gmail.com", "date_joined": "2025-10-19", "is_active": true, "is_staff": false, "is_new": false, "is_superuser": false, "gender": null, "region": null, "name": "Prashant Budhehalkar", "address": null, "city": null, "state": null, "pincode": null, "reset_password_token": null, "groups": [], "user_permissions": []}}, {"model": "accounts.customuser", "fields": {"password": "pbkdf2_sha256$870000$fqR8uHpJCQrwGvSu62ATt6$buHJ+EAlvbN2fiWML2kr/X1KVVTeYZaCzvYQ5e1DZKI=", "last_login": null, "phone_number": "8052528861", "username": null, "email": "meezanmeezan816@gmail.com", "date_joined": "2025-10-23", "is_active": true, "is_staff": false, "is_new": false, "is_superuser": false, "gender": null, "region": null, "name": "Md Meezan", "address": null, "city": null, "state": null, "pincode": null, "reset_password_token": null, "groups": [], "user_permissions": []}}, {"model": "accounts.customuser", "fields": {"password": "pbkdf2_sha256$870000$iJ5zGSGWqi0m7rdxZzrfRf$6J0oVR4uHl3ch/g25QCjHHSW8jgRR8Y9m5cbMXv25TM=", "last_login": null, "phone_number": "7006647882", "username": null, "email": "vishaysambyal@zohomail.in", "date_joined": "2025-11-01", "is_active": true, "is_staff": false, "is_new": false, "is_superuser": false, "gender": null, "region": null, "name": "vijay kumar ", "address": null, "city": null, "state": null, "pincode": null, "reset_password_token": null, "groups": [], "user_permissions": []}}, {"model": "accounts.customuser", "fields": {"password": "pbkdf2_sha256$870000$r63lWsDSVPdyHra9AqBxIm$/SmPUIbs800wfYlwNi8/P0ag93b63kCJECIUEQ7j+JM=", "last_login": null, "phone_number": "8534854316", "username": null, "email": "musharibkhan93@gmail.com", "date_joined": "2025-11-01", "is_active": true, "is_staff": false, "is_new": false, "is_superuser": false, "gender": null, "region": null, "name": "Musharib Khan", "address": null, "city": null, "state": null, "pincode": null, "reset_password_token": null, "groups": [], "user_permissions": []}}, {"model": "accounts.customuser", "fields": {"password": "pbkdf2_sha256$870000$55s0uX1vVfxL81ftQQD5Fv$diVi+9q4FWlVSWrLmitQ1/nOBn5Y9kah6AQZLBEOJlM=", "last_login": null, "phone_number": "7003033312", "username": null, "email": "sonudas0202@gmail.com", "date_joined": "2025-11-04", "is_active": true, "is_staff": false, "is_new": false, "is_superuser": false, "gender": null, "region": null, "name": "Sonu Das", "address": null, "city": null, "state": null, "pincode": null, "reset_password_token": null, "groups": [], "user_permissions": []}}, {"model": "accounts.customuser", "fields": {"password": "pbkdf2_sha256$870000$ZziDH3ZkqenwYT3jWC3xe8$fOMce0IFwDSiJ6DFtdppEW+jcQDOJsoZh6uZdgY7IKw=", "last_login": null, "phone_number": "9412366169", "username": null, "email": "abhisheksoharia@gmail.com", "date_joined": "2025-11-08", "is_active": true, "is_staff": false, "is_new": false, "is_superuser": false, "gender": null, "region": null, "name": "Abhishek Soharia", "address": null, "city": null, "state": null, "pincode": null, "reset_password_token": null, "groups": [], "user_permissions": []}}, {"model": "accounts.customuser", "fields": {"password": "pbkdf2_sha256$870000$dKh5fBXxSRq1S0tdwAHBGJ$FQEgEw/GKkd9gY3mkB2q7RphN8XXP/lRQQm4bjdNMmg=", "last_login": null, "phone_number": "8191968444", "username": null, "email": "azhasheikh92@gmail.com", "date_joined": "2025-11-18", "is_active": true, "is_staff": false, "is_new": false, "is_superuser": false, "gender": null, "region": null, "name": "Azha", "address": null, "city": null, "state": null, "pincode": null, "reset_password_token": null, "groups": [], "user_permissions": []}}, {"model": "accounts.customuser", "fields": {"password": "pbkdf2_sha256$870000$YaNJ5oelBgQD8vMWfA7wLw$SMCiRR96f7cBgcSfZ6fPmGEbFgTUkvDO9XVrQksd6xA=", "last_login": null, "phone_number": "1234567890", "username": null, "email": "xiyafof561@pckage.com", "date_joined": "2026-03-05", "is_active": true, "is_staff": false, "is_new": false, "is_superuser": false, "gender": null, "region": null, "name": "Testing", "address": null, "city": null, "state": null, "pincode": null, "reset_password_token": "VYC3ht08iAMyWzQV5FmJ5XIcWtIfVmeu8MQ5PnBEd9w", "groups": [], "user_permissions": []}}, {"model": "accounts.customuser", "fields": {"password": "pbkdf2_sha256$870000$O3FZA3V9qBU0iY8zxEch7j$ltg6dwy6WO3prqNKeSaqAKAa0kmlaSqQP3Z/PMLmZNY=", "last_login": null, "phone_number": "1234567891", "username": null, "email": "cegil57391@him6.com", "date_joined": "2026-03-05", "is_active": true, "is_staff": false, "is_new": false, "is_superuser": false, "gender": null, "region": null, "name": "FINAL TESTING", "address": null, "city": null, "state": null, "pincode": null, "reset_password_token": null, "groups": [], "user_permissions": []}}, {"model": "accounts.customuser", "fields": {"password": "pbkdf2_sha256$870000$1JjHon9vmsCV5d6EgdGQXq$Bxz/R9Afbis9z4xjM6auik+JhF/PmrGVDEHhzIZiWsQ=", "last_login": null, "phone_number": "9696969696", "username": null, "email": "hicare5941@pckage.com", "date_joined": "2026-03-07", "is_active": true, "is_staff": false, "is_new": false, "is_superuser": false, "gender": null, "region": null, "name": "fopewmor", "address": null, "city": null, "state": null, "pincode": null, "reset_password_token": null, "groups": [], "user_permissions": []}}, {"model": "accounts.customuser", "fields": {"password": "pbkdf2_sha256$870000$EabI8t2fPbSByRocRgMhPn$ZEJOi95xxiD9D7EG3sGCsKO3G1dcHTm4pxJOLlHHX3I=", "last_login": null, "phone_number": "0999837755", "username": null, "email": "memaha9243@feriwor.com", "date_joined": "2026-03-08", "is_active": true, "is_staff": false, "is_new": false, "is_superuser": false, "gender": null, "region": null, "name": "ICON PERFUME", "address": null, "city": null, "state": null, "pincode": null, "reset_password_token": null, "groups": [], "user_permissions": []}}, {"model": "accounts.customuser", "fields": {"password": "pbkdf2_sha256$870000$ZTADM8ESNmXgd0LmR7mu1s$heoEJJuHEvJw69EjBX1YghEprmGsJj56ipa/xKMzvkk=", "last_login": null, "phone_number": "7048796234", "username": null, "email": "woxale3100@niprack.com", "date_joined": "2026-03-10", "is_active": true, "is_staff": false, "is_new": false, "is_superuser": false, "gender": null, "region": null, "name": "Shaikh Mohammadtofik", "address": null, "city": null, "state": null, "pincode": null, "reset_password_token": null, "groups": [], "user_permissions": []}}, {"model": "accounts.customuser", "fields": {"password": "pbkdf2_sha256$870000$88vGy4RFGGyINKbmfOQBJf$cADYfcMvWPuvUnZeED1qdwPTJhXBcxY2cbf1afvMjz0=", "last_login": null, "phone_number": "7048786234", "username": null, "email": "st7997935@gmail.com", "date_joined": "2026-03-14", "is_active": true, "is_staff": false, "is_new": false, "is_superuser": false, "gender": null, "region": null, "name": "Shaikh Mohammadtofik", "address": null, "city": null, "state": null, "pincode": null, "reset_password_token": null, "groups": [], "user_permissions": []}}, {"model": "accounts.customuser", "fields": {"password": "pbkdf2_sha256$870000$PJJ2w1rtlflcjXgWgKmlSc$zRAjhEh0gnKGRWXYeCphr/hGK5zFFqCXDTpvpY6joTw=", "last_login": null, "phone_number": "5556575859", "username": null, "email": "tofik.imscit21@gmail.com", "date_joined": "2026-03-19", "is_active": true, "is_staff": false, "is_new": false, "is_superuser": false, "gender": null, "region": null, "name": "Shaikh Mohammadtofik", "address": null, "city": null, "state": null, "pincode": null, "reset_password_token": null, "groups": [], "user_permissions": []}}, {"model": "accounts.customuser", "fields": {"password": "pbkdf2_sha256$870000$Q0hcuIa70nGQvdjkw8eP3H$9XywDt5bo/fP4Kat+X+sjAedD4B+FXvsP4biPeC/Opo=", "last_login": null, "phone_number": null, "username": null, "email": "vakar@gmail.com", "date_joined": "2026-03-21", "is_active": false, "is_staff": false, "is_new": true, "is_superuser": false, "gender": null, "region": null, "name": null, "address": null, "city": null, "state": null, "pincode": null, "reset_password_token": null, "groups": [], "user_permissions": []}}, {"model": "accounts.customuser", "fields": {"password": "pbkdf2_sha256$870000$lmNFQfyoGdGoC8E4HHiZAe$wJ1/b4MKVWlv3ou3c06doVcy5XT28lv0VB7KMhHsn5g=", "last_login": null, "phone_number": "7777777777", "username": null, "email": "mohammadtofik.work@gmail.com", "date_joined": "2026-03-21", "is_active": true, "is_staff": false, "is_new": false, "is_superuser": false, "gender": null, "region": null, "name": "Shaikh Mohammadtofik", "address": null, "city": null, "state": null, "pincode": null, "reset_password_token": null, "groups": [], "user_permissions": []}}, {"model": "accounts.address", "pk": 9, "fields": {"user": ["7887483249"], "address": "Green Oasis Residence, Kalyani Nagar, Pune", "city": "Pune", "country": "India", "state": "Maharashtra", "pincode": "411006", "default": false, "added_at": "2025-09-12T14:26:02.771", "updated_at": "2025-09-12T14:26:02.771"}}, {"model": "accounts.address", "pk": 10, "fields": {"user": ["9725680994"], "address": "Bajarda dhandhuka ", "city": "", "country": "India", "state": "", "pincode": "382460", "default": false, "added_at": "2025-09-13T12:29:51.297", "updated_at": "2025-09-13T12:29:51.297"}}, {"model": "accounts.address", "pk": 11, "fields": {"user": ["9725680994"], "address": "Bajarada ધંધુકા Ahmdabad", "city": "Ahmedabad", "country": "India", "state": "Gujarat", "pincode": "382460", "default": false, "added_at": "2025-09-13T12:33:26.025", "updated_at": "2025-09-13T12:33:26.025"}}, {"model": "accounts.address", "pk": 12, "fields": {"user": ["8299249275"], "address": "20h/2t/4 gtb nagar Kareli prayagraj", "city": "Prayagraj (Allahabad)", "country": "India", "state": "Uttar Pradesh", "pincode": "211016", "default": false, "added_at": "2025-09-16T23:41:17.463", "updated_at": "2025-09-16T23:41:17.463"}}, {"model": "accounts.address", "pk": 13, "fields": {"user": ["9099023996"], "address": "A1, Zed Duplex, Imran park, behind Soheb park, Opp. Emmad heights, T.p. 85 road, Sarkhej road ", "city": "Ahmedabad", "country": "India", "state": "Gujarat", "pincode": "380055", "default": false, "added_at": "2025-10-04T01:25:39.717", "updated_at": "2025-10-04T01:25:39.717"}}, {"model": "accounts.address", "pk": 14, "fields": {"user": ["9998986853"], "address": "17/B , Gujarat Estate, Sarkhej sanand Road , NR. Jigar motors , opp. Mamta complex sarkhej-382210", "city": "Ahmedabad", "country": "India", "state": "Gujarat", "pincode": "382210", "default": false, "added_at": "2025-10-05T14:19:11.020", "updated_at": "2025-10-05T14:19:11.020"}}, {"model": "accounts.address", "pk": 15, "fields": {"user": ["7014402294"], "address": "A56 mithla villa indrapuri new agra", "city": "Agra", "country": "India", "state": "Uttar Pradesh", "pincode": "282005", "default": false, "added_at": "2025-10-07T00:14:01.427", "updated_at": "2025-10-07T00:14:01.427"}}, {"model": "accounts.address", "pk": 16, "fields": {"user": ["9712063836"], "address": "Ambar tawar road momin parlour ki gali al sagar epartment ", "city": "Ahmedabad", "country": "India", "state": "Gujarat", "pincode": "382210", "default": false, "added_at": "2025-10-08T15:13:23.313", "updated_at": "2025-10-08T15:13:23.313"}}, {"model": "accounts.address", "pk": 17, "fields": {"user": ["9898989898"], "address": "Sakar 7, Ahmedabad", "city": "Ahmedabad", "country": "India", "state": "Gujarat", "pincode": "380055", "default": false, "added_at": "2025-10-15T14:21:24.349", "updated_at": "2025-10-15T14:21:24.349"}}, {"model": "accounts.address", "pk": 18, "fields": {"user": ["7391015533"], "address": "28/167, TAMBARI VIBHAG, BARSHI NAKA, NEAR SUPRIYA HOTEL, OSMANABAD, 413501.", "city": "Osmanabad", "country": "India", "state": "Maharashtra", "pincode": "413501", "default": false, "added_at": "2025-10-19T15:20:27.931", "updated_at": "2025-10-19T15:20:27.931"}}, {"model": "accounts.address", "pk": 19, "fields": {"user": ["8052528861"], "address": "K51/88A Mohammad Saheed pili Kothi Varanasi ", "city": "Varanasi", "country": "India", "state": "Uttar Pradesh", "pincode": "221001", "default": false, "added_at": "2025-10-23T20:47:19.094", "updated_at": "2025-10-23T20:47:19.094"}}, {"model": "accounts.address", "pk": 20, "fields": {"user": ["7006647882"], "address": "chhan rorian near shiv medical hall", "city": "Kathua", "country": "India", "state": "Jammu and Kashmir", "pincode": "184144", "default": false, "added_at": "2025-11-01T01:35:09.413", "updated_at": "2025-11-01T01:35:09.413"}}, {"model": "accounts.address", "pk": 21, "fields": {"user": ["8534854316"], "address": "Lal phatak phhuta darwaza masjid ", "city": "Bareilly", "country": "India", "state": "Uttar Pradesh", "pincode": "243301", "default": false, "added_at": "2025-11-02T17:50:20.349", "updated_at": "2025-11-02T17:50:20.349"}}, {"model": "accounts.address", "pk": 22, "fields": {"user": ["7003033312"], "address": "139 Andul Road near Akashdeep hindu hotel ", "city": "", "country": "India", "state": "West Bengal", "pincode": "711103", "default": false, "added_at": "2025-11-04T17:50:18.423", "updated_at": "2025-11-04T17:50:18.423"}}, {"model": "accounts.address", "pk": 23, "fields": {"user": ["9412366169"], "address": "01mohalla govindaas near nagar palika aliganj etah", "city": "Aliganj", "country": "India", "state": "Uttar Pradesh", "pincode": "207247", "default": false, "added_at": "2025-11-15T12:33:54.143", "updated_at": "2025-11-15T12:33:54.143"}}, {"model": "accounts.address", "pk": 24, "fields": {"user": ["8191968444"], "address": "Royal R.O water In Ganeshpur Ganjdundwara Kasganj ", "city": "Kasganj", "country": "India", "state": "Uttar Pradesh", "pincode": "207242", "default": false, "added_at": "2025-11-18T13:13:10.531", "updated_at": "2025-11-18T13:13:10.531"}}, {"model": "accounts.address", "pk": 25, "fields": {"user": ["8140277661"], "address": "45 M Azad Park Juhapura", "city": "Ahmedabad", "country": "India", "state": "Gujarat", "pincode": "380055", "default": false, "added_at": "2025-11-28T19:24:04.528", "updated_at": "2025-11-28T19:24:04.528"}}, {"model": "accounts.address", "pk": 26, "fields": {"user": ["9898989898"], "address": "B-13 Noor Apartment, Jordan road, dariyapur, ahmedabad, 380001", "city": "Ahmedabad", "country": "India", "state": "Gujarat", "pincode": "380001", "default": false, "added_at": "2026-02-10T16:44:51.778", "updated_at": "2026-02-10T16:44:51.778"}}, {"model": "accounts.address", "pk": 28, "fields": {"user": ["7048796234"], "address": "abx", "city": "Changlang", "country": "India", "state": "Arunachal Pradesh", "pincode": "123456", "default": false, "added_at": "2026-03-10T22:54:04.241", "updated_at": "2026-03-10T22:54:04.241"}}, {"model": "accounts.address", "pk": 29, "fields": {"user": ["7048786234"], "address": "B-13 Noor Apartment, Jordan road, dariyapur, ahmedabad, 380001", "city": "Ahmedabad", "country": "India", "state": "Gujarat", "pincode": "380001", "default": false, "added_at": "2026-03-14T01:13:52.313", "updated_at": "2026-03-14T01:13:52.313"}}, {"model": "accounts.address", "pk": 30, "fields": {"user": ["5556575859"], "address": "ABC", "city": "Amli", "country": "India", "state": "Dadra and Nagar Haveli and Daman and Diu", "pincode": "111111", "default": false, "added_at": "2026-03-21T18:22:36.078", "updated_at": "2026-03-21T18:22:36.078"}}, {"model": "accounts.address", "pk": 31, "fields": {"user": ["5556575859"], "address": "XYZ", "city": "Adoni", "country": "India", "state": "Andhra Pradesh", "pincode": "380001", "default": false, "added_at": "2026-03-21T18:25:39.801", "updated_at": "2026-03-21T18:25:39.801"}}, {"model": "accounts.otp", "pk": 7, "fields": {"user": ["9104482200"], "otp": "81902742c420c65f19e4a4b57e418d18bf6eee5fc586d26821e47b744afb0970", "count": 2, "attempts": 0, "created_at": "2025-05-31T12:55:51.574", "updated_at": "2025-05-31T13:03:58.803"}}, {"model": "accounts.otp", "pk": 25, "fields": {"user": ["8140277661"], "otp": "369ec8218da08ce5639f5083d940dbb54cc00c45e7fcbf1ef30be87b2ba3f041", "count": 1, "attempts": 0, "created_at": "2025-07-10T17:37:32.135", "updated_at": "2025-08-11T11:01:40.584"}}, {"model": "accounts.otp", "pk": 27, "fields": {"user": ["9999999994"], "otp": "0c189bebe1bdd75d35a2d720a692cc21452e911bd88f7fc923b14714022dd131", "count": 1, "attempts": 0, "created_at": "2025-08-11T15:38:47.592", "updated_at": "2025-08-11T15:38:47.599"}}, {"model": "accounts.otp", "pk": 32, "fields": {"user": ["8980423080"], "otp": "e249c428f1949174f05a9a1e7099aa7c6c4ccfd9c18f6cad5cd377db49128f5d", "count": 1, "attempts": 0, "created_at": "2025-08-28T10:08:41.267", "updated_at": "2025-08-28T10:08:41.273"}}, {"model": "accounts.otp", "pk": 34, "fields": {"user": ["8200381950"], "otp": "e4816a3a6c6a47325db4105014c9103b5e2d1a3f451db467faa7f274d6ec3407", "count": 1, "attempts": 0, "created_at": "2025-09-01T18:37:07.047", "updated_at": "2025-09-01T18:37:07.057"}}, {"model": "accounts.otp", "pk": 40, "fields": {"user": ["9998986853"], "otp": "9410900fd7556c645daccdbb0f470d71f91634de4185619f4a08b71911f05719", "count": 1, "attempts": 0, "created_at": "2025-10-05T14:38:06.951", "updated_at": "2025-10-05T14:38:30.991"}}, {"model": "accounts.otp", "pk": 43, "fields": {"user": ["7248127350"], "otp": "af0c37da70f8a81a591ceaa0f385596b4e2c540abe348adaf9036f65ad38fa50", "count": 1, "attempts": 0, "created_at": "2025-10-18T10:40:45.752", "updated_at": "2025-10-18T10:40:45.761"}}, {"model": "accounts.otp", "pk": 62, "fields": {"user": [null], "otp": "1b4433849c58a04db241b892bb344220684804a6a5b53988cf8701a0163e0fa3", "count": 2, "attempts": 1, "created_at": "2026-03-21T01:01:36.415", "updated_at": "2026-03-21T01:02:00.782"}}, {"model": "mainapp.notes", "pk": 332, "fields": {"title": "Sweet Cocoa", "type": "TOP_NOTE", "description": ""}}, {"model": "mainapp.notes", "pk": 333, "fields": {"title": "Warm Vanilla", "type": "TOP_NOTE", "description": ""}}, {"model": "mainapp.notes", "pk": 334, "fields": {"title": "Soft Musk", "type": "HEART_NOTE", "description": ""}}, {"model": "mainapp.notes", "pk": 335, "fields": {"title": "Powdery Florals", "type": "HEART_NOTE", "description": ""}}, {"model": "mainapp.notes", "pk": 336, "fields": {"title": "Creamy Sandalwood", "type": "BASE_NOTE", "description": ""}}, {"model": "mainapp.notes", "pk": 337, "fields": {"title": "Rich Amber", "type": "BASE_NOTE", "description": ""}}, {"model": "mainapp.notes", "pk": 338, "fields": {"title": "Dark Chocolate", "type": "BASE_NOTE", "description": ""}}, {"model": "mainapp.notes", "pk": 339, "fields": {"title": "Basil", "type": "TOP_NOTE", "description": ""}}, {"model": "mainapp.notes", "pk": 340, "fields": {"title": "Bergamot", "type": "TOP_NOTE", "description": ""}}, {"model": "mainapp.notes", "pk": 341, "fields": {"title": "Grapefruit", "type": "TOP_NOTE", "description": ""}}, {"model": "mainapp.notes", "pk": 342, "fields": {"title": "Lemon", "type": "TOP_NOTE", "description": ""}}, {"model": "mainapp.notes", "pk": 343, "fields": {"title": "Orange", "type": "TOP_NOTE", "description": ""}}, {"model": "mainapp.notes", "pk": 344, "fields": {"title": "Jasmine", "type": "HEART_NOTE", "description": ""}}, {"model": "mainapp.notes", "pk": 345, "fields": {"title": "Rose", "type": "HEART_NOTE", "description": ""}}, {"model": "mainapp.notes", "pk": 346, "fields": {"title": "Peach", "type": "BASE_NOTE", "description": ""}}, {"model": "mainapp.notes", "pk": 347, "fields": {"title": "Musk", "type": "BASE_NOTE", "description": ""}}, {"model": "mainapp.notes", "pk": 348, "fields": {"title": "Mint and Mandarin Orange", "type": "TOP_NOTE", "description": ""}}, {"model": "mainapp.notes", "pk": 349, "fields": {"title": "Pepper", "type": "HEART_NOTE", "description": ""}}, {"model": "mainapp.notes", "pk": 350, "fields": {"title": "Geranium", "type": "HEART_NOTE", "description": ""}}, {"model": "mainapp.notes", "pk": 351, "fields": {"title": "Rose and Coriander", "type": "HEART_NOTE", "description": ""}}, {"model": "mainapp.notes", "pk": 352, "fields": {"title": "Woodsy Notes and Amber", "type": "BASE_NOTE", "description": ""}}, {"model": "mainapp.notes", "pk": 353, "fields": {"title": "orange blossom", "type": "TOP_NOTE", "description": ""}}, {"model": "mainapp.notes", "pk": 354, "fields": {"title": "neroli", "type": "TOP_NOTE", "description": ""}}, {"model": "mainapp.notes", "pk": 355, "fields": {"title": "bergamot", "type": "TOP_NOTE", "description": ""}}, {"model": "mainapp.notes", "pk": 356, "fields": {"title": "musk", "type": "HEART_NOTE", "description": ""}}, {"model": "mainapp.notes", "pk": 357, "fields": {"title": "ozone", "type": "HEART_NOTE", "description": ""}}, {"model": "mainapp.notes", "pk": 358, "fields": {"title": "Amber", "type": "BASE_NOTE", "description": ""}}, {"model": "mainapp.notes", "pk": 359, "fields": {"title": "vetiver", "type": "BASE_NOTE", "description": ""}}, {"model": "mainapp.notes", "pk": 360, "fields": {"title": "patchouly", "type": "BASE_NOTE", "description": ""}}, {"model": "mainapp.notes", "pk": 361, "fields": {"title": "Oud", "type": "TOP_NOTE", "description": ""}}, {"model": "mainapp.notes", "pk": 362, "fields": {"title": "Woody", "type": "TOP_NOTE", "description": ""}}, {"model": "mainapp.notes", "pk": 363, "fields": {"title": "Floral", "type": "HEART_NOTE", "description": ""}}, {"model": "mainapp.notes", "pk": 364, "fields": {"title": "Aldehydic", "type": "BASE_NOTE", "description": ""}}, {"model": "mainapp.notes", "pk": 365, "fields": {"title": "Cardamom", "type": "TOP_NOTE", "description": ""}}, {"model": "mainapp.notes", "pk": 366, "fields": {"title": "Rosemary", "type": "TOP_NOTE", "description": ""}}, {"model": "mainapp.notes", "pk": 367, "fields": {"title": "Cedar Leaves", "type": "TOP_NOTE", "description": ""}}, {"model": "mainapp.notes", "pk": 368, "fields": {"title": "Tuberose", "type": "HEART_NOTE", "description": ""}}, {"model": "mainapp.notes", "pk": 369, "fields": {"title": "Ylang Ylang", "type": "HEART_NOTE", "description": ""}}, {"model": "mainapp.notes", "pk": 370, "fields": {"title": "Cedar", "type": "BASE_NOTE", "description": ""}}, {"model": "mainapp.notes", "pk": 371, "fields": {"title": "Vetiver", "type": "BASE_NOTE", "description": ""}}, {"model": "mainapp.notes", "pk": 372, "fields": {"title": "Suede Accord", "type": "BASE_NOTE", "description": ""}}, {"model": "mainapp.notes", "pk": 373, "fields": {"title": "Lavender", "type": "TOP_NOTE", "description": ""}}, {"model": "mainapp.notes", "pk": 374, "fields": {"title": "Lemon and Orange", "type": "TOP_NOTE", "description": ""}}, {"model": "mainapp.notes", "pk": 375, "fields": {"title": "Warm Spicy", "type": "HEART_NOTE", "description": ""}}, {"model": "mainapp.notes", "pk": 376, "fields": {"title": "Woody notes", "type": "BASE_NOTE", "description": ""}}, {"model": "mainapp.notes", "pk": 377, "fields": {"title": "aldehydes", "type": "TOP_NOTE", "description": ""}}, {"model": "mainapp.notes", "pk": 378, "fields": {"title": "basil", "type": "TOP_NOTE", "description": ""}}, {"model": "mainapp.notes", "pk": 379, "fields": {"title": "clove", "type": "HEART_NOTE", "description": ""}}, {"model": "mainapp.notes", "pk": 380, "fields": {"title": "geranium", "type": "HEART_NOTE", "description": ""}}, {"model": "mainapp.notes", "pk": 381, "fields": {"title": "iris", "type": "HEART_NOTE", "description": ""}}, {"model": "mainapp.notes", "pk": 382, "fields": {"title": "jasmine", "type": "HEART_NOTE", "description": ""}}, {"model": "mainapp.notes", "pk": 383, "fields": {"title": "amber", "type": "BASE_NOTE", "description": ""}}, {"model": "mainapp.notes", "pk": 384, "fields": {"title": "chypre like musk", "type": "BASE_NOTE", "description": ""}}, {"model": "mainapp.notes", "pk": 385, "fields": {"title": "wood", "type": "BASE_NOTE", "description": ""}}, {"model": "mainapp.notes", "pk": 386, "fields": {"title": "intense rose absolute", "type": "TOP_NOTE", "description": ""}}, {"model": "mainapp.notes", "pk": 387, "fields": {"title": "green", "type": "TOP_NOTE", "description": ""}}, {"model": "mainapp.notes", "pk": 388, "fields": {"title": "slightly spicy geranium", "type": "HEART_NOTE", "description": ""}}, {"model": "mainapp.notes", "pk": 389, "fields": {"title": "sweet", "type": "BASE_NOTE", "description": ""}}, {"model": "mainapp.notes", "pk": 390, "fields": {"title": "heady jasmine", "type": "BASE_NOTE", "description": ""}}, {"model": "mainapp.notes", "pk": 391, "fields": {"title": "white flowers", "type": "TOP_NOTE", "description": ""}}, {"model": "mainapp.notes", "pk": 392, "fields": {"title": "ylang-ylang", "type": "HEART_NOTE", "description": ""}}, {"model": "mainapp.notes", "pk": 393, "fields": {"title": "peach", "type": "BASE_NOTE", "description": ""}}, {"model": "mainapp.notes", "pk": 394, "fields": {"title": "Citrusy bergamot and fresh green notes", "type": "TOP_NOTE", "description": ""}}, {"model": "mainapp.notes", "pk": 395, "fields": {"title": "Spicy hints", "type": "HEART_NOTE", "description": ""}}, {"model": "mainapp.notes", "pk": 396, "fields": {"title": "floral accords", "type": "HEART_NOTE", "description": ""}}, {"model": "mainapp.notes", "pk": 397, "fields": {"title": "Warm amber", "type": "BASE_NOTE", "description": ""}}, {"model": "mainapp.notes", "pk": 398, "fields": {"title": "woody", "type": "BASE_NOTE", "description": ""}}, {"model": "mainapp.notes", "pk": 399, "fields": {"title": "Sandalwood", "type": "BASE_NOTE", "description": ""}}, {"model": "mainapp.notes", "pk": 400, "fields": {"title": "Amber.", "type": "BASE_NOTE", "description": ""}}, {"model": "mainapp.notes", "pk": 401, "fields": {"title": "Ambrosial", "type": "HEART_NOTE", "description": ""}}, {"model": "mainapp.notes", "pk": 402, "fields": {"title": "Red rose", "type": "TOP_NOTE", "description": ""}}, {"model": "mainapp.notes", "pk": 403, "fields": {"title": "Mint", "type": "TOP_NOTE", "description": ""}}, {"model": "mainapp.notes", "pk": 404, "fields": {"title": "Vanilla", "type": "HEART_NOTE", "description": ""}}, {"model": "mainapp.notes", "pk": 405, "fields": {"title": "Caramel", "type": "HEART_NOTE", "description": ""}}, {"model": "mainapp.notes", "pk": 406, "fields": {"title": "Agarwood & Saffron", "type": "BASE_NOTE", "description": ""}}, {"model": "mainapp.notes", "pk": 407, "fields": {"title": "White Musk", "type": "TOP_NOTE", "description": ""}}, {"model": "mainapp.notes", "pk": 408, "fields": {"title": "Iris", "type": "HEART_NOTE", "description": ""}}, {"model": "mainapp.notes", "pk": 409, "fields": {"title": "Pineapple Sorbet", "type": "TOP_NOTE", "description": ""}}, {"model": "mainapp.notes", "pk": 410, "fields": {"title": "Mandarine", "type": "TOP_NOTE", "description": ""}}, {"model": "mainapp.notes", "pk": 411, "fields": {"title": "Bay Lead", "type": "HEART_NOTE", "description": ""}}, {"model": "mainapp.notes", "pk": 412, "fields": {"title": "Clary Sage", "type": "HEART_NOTE", "description": ""}}, {"model": "mainapp.notes", "pk": 413, "fields": {"title": "Fruity", "type": "TOP_NOTE", "description": ""}}, {"model": "mainapp.notes", "pk": 414, "fields": {"title": "and Citrus", "type": "TOP_NOTE", "description": ""}}, {"model": "mainapp.notes", "pk": 415, "fields": {"title": "Ylang-Ylang", "type": "HEART_NOTE", "description": ""}}, {"model": "mainapp.notes", "pk": 416, "fields": {"title": "and Tuberose", "type": "HEART_NOTE", "description": ""}}, {"model": "mainapp.notes", "pk": 417, "fields": {"title": "and Fresh", "type": "BASE_NOTE", "description": ""}}, {"model": "mainapp.notes", "pk": 418, "fields": {"title": "citrus\nfresh spicy\nwarm spicy", "type": "TOP_NOTE", "description": ""}}, {"model": "mainapp.notes", "pk": 419, "fields": {"title": "patchouli\nsweet", "type": "HEART_NOTE", "description": ""}}, {"model": "mainapp.notes", "pk": 420, "fields": {"title": "woody\nmusky", "type": "BASE_NOTE", "description": ""}}, {"model": "mainapp.notes", "pk": 421, "fields": {"title": "creamy", "type": "BASE_NOTE", "description": ""}}, {"model": "mainapp.notes", "pk": 422, "fields": {"title": "spicy", "type": "BASE_NOTE", "description": ""}}, {"model": "mainapp.notes", "pk": 423, "fields": {"title": "resinous", "type": "BASE_NOTE", "description": ""}}, {"model": "mainapp.notes", "pk": 424, "fields": {"title": "grounding", "type": "BASE_NOTE", "description": ""}}, {"model": "mainapp.notes", "pk": 425, "fields": {"title": "Praline", "type": "TOP_NOTE", "description": ""}}, {"model": "mainapp.notes", "pk": 426, "fields": {"title": "Patchouli", "type": "HEART_NOTE", "description": ""}}, {"model": "mainapp.notes", "pk": 427, "fields": {"title": "Plum", "type": "BASE_NOTE", "description": ""}}, {"model": "mainapp.notes", "pk": 428, "fields": {"title": "Musky", "type": "TOP_NOTE", "description": ""}}, {"model": "mainapp.notes", "pk": 429, "fields": {"title": "Balsamic", "type": "HEART_NOTE", "description": ""}}, {"model": "mainapp.notes", "pk": 430, "fields": {"title": "Powder", "type": "HEART_NOTE", "description": ""}}, {"model": "mainapp.notes", "pk": 431, "fields": {"title": "Musk and Sandalwood", "type": "BASE_NOTE", "description": ""}}, {"model": "mainapp.notes", "pk": 432, "fields": {"title": "Lily", "type": "TOP_NOTE", "description": ""}}, {"model": "mainapp.notes", "pk": 433, "fields": {"title": "Aldehydes", "type": "TOP_NOTE", "description": ""}}, {"model": "mainapp.notes", "pk": 434, "fields": {"title": "Cassis", "type": "HEART_NOTE", "description": ""}}, {"model": "mainapp.notes", "pk": 435, "fields": {"title": "Gardenia", "type": "HEART_NOTE", "description": ""}}, {"model": "mainapp.notes", "pk": 436, "fields": {"title": "Carnation", "type": "HEART_NOTE", "description": ""}}, {"model": "mainapp.notes", "pk": 437, "fields": {"title": "Cedarwood", "type": "BASE_NOTE", "description": ""}}, {"model": "mainapp.notes", "pk": 438, "fields": {"title": "Oakmoss", "type": "BASE_NOTE", "description": ""}}, {"model": "mainapp.notes", "pk": 439, "fields": {"title": "plum", "type": "TOP_NOTE", "description": ""}}, {"model": "mainapp.notes", "pk": 440, "fields": {"title": "apricot", "type": "TOP_NOTE", "description": ""}}, {"model": "mainapp.notes", "pk": 441, "fields": {"title": "coconut", "type": "TOP_NOTE", "description": ""}}, {"model": "mainapp.notes", "pk": 442, "fields": {"title": "tuberose", "type": "HEART_NOTE", "description": ""}}, {"model": "mainapp.notes", "pk": 443, "fields": {"title": "rose", "type": "HEART_NOTE", "description": ""}}, {"model": "mainapp.notes", "pk": 444, "fields": {"title": "caraway", "type": "HEART_NOTE", "description": ""}}, {"model": "mainapp.notes", "pk": 445, "fields": {"title": "lily", "type": "HEART_NOTE", "description": ""}}, {"model": "mainapp.notes", "pk": 446, "fields": {"title": "vanilla", "type": "BASE_NOTE", "description": ""}}, {"model": "mainapp.notes", "pk": 447, "fields": {"title": "sandalwood", "type": "BASE_NOTE", "description": ""}}, {"model": "mainapp.notes", "pk": 448, "fields": {"title": "almond", "type": "BASE_NOTE", "description": ""}}, {"model": "mainapp.notes", "pk": 449, "fields": {"title": "Eucalyptus", "type": "TOP_NOTE", "description": ""}}, {"model": "mainapp.notes", "pk": 450, "fields": {"title": "Black Pepper", "type": "HEART_NOTE", "description": ""}}, {"model": "mainapp.notes", "pk": 451, "fields": {"title": "Cinnamon", "type": "HEART_NOTE", "description": ""}}, {"model": "mainapp.notes", "pk": 452, "fields": {"title": "Woody Notes", "type": "BASE_NOTE", "description": ""}}, {"model": "mainapp.notes", "pk": 453, "fields": {"title": "Incense", "type": "BASE_NOTE", "description": ""}}, {"model": "mainapp.notes", "pk": 454, "fields": {"title": "lemon or orange", "type": "TOP_NOTE", "description": ""}}, {"model": "mainapp.notes", "pk": 455, "fields": {"title": "lemongrass", "type": "HEART_NOTE", "description": ""}}, {"model": "mainapp.notes", "pk": 456, "fields": {"title": "ylang ylang", "type": "HEART_NOTE", "description": ""}}, {"model": "mainapp.notes", "pk": 457, "fields": {"title": "lavender", "type": "BASE_NOTE", "description": ""}}, {"model": "mainapp.notes", "pk": 458, "fields": {"title": "coriander and nutmeg", "type": "BASE_NOTE", "description": ""}}, {"model": "mainapp.notes", "pk": 459, "fields": {"title": "Pineapple", "type": "TOP_NOTE", "description": ""}}, {"model": "mainapp.notes", "pk": 460, "fields": {"title": "Sandal wood", "type": "BASE_NOTE", "description": ""}}, {"model": "mainapp.notes", "pk": 461, "fields": {"title": "Verbena", "type": "TOP_NOTE", "description": ""}}, {"model": "mainapp.notes", "pk": 462, "fields": {"title": "Angelica", "type": "HEART_NOTE", "description": ""}}, {"model": "mainapp.notes", "pk": 463, "fields": {"title": "Coriander", "type": "HEART_NOTE", "description": ""}}, {"model": "mainapp.notes", "pk": 464, "fields": {"title": "Juniper Berry", "type": "HEART_NOTE", "description": ""}}, {"model": "mainapp.notes", "pk": 465, "fields": {"title": "Balsam Fir", "type": "BASE_NOTE", "description": ""}}, {"model": "mainapp.notes", "pk": 466, "fields": {"title": "Pink Pepper and Mandarin Orange", "type": "TOP_NOTE", "description": ""}}, {"model": "mainapp.notes", "pk": 467, "fields": {"title": "Green", "type": "HEART_NOTE", "description": ""}}, {"model": "mainapp.notes", "pk": 468, "fields": {"title": "fresh", "type": "HEART_NOTE", "description": ""}}, {"model": "mainapp.notes", "pk": 469, "fields": {"title": "Pink Pepper", "type": "TOP_NOTE", "description": ""}}, {"model": "mainapp.notes", "pk": 470, "fields": {"title": "Mandarin Orange", "type": "TOP_NOTE", "description": ""}}, {"model": "mainapp.notes", "pk": 471, "fields": {"title": "Raspberry", "type": "HEART_NOTE", "description": ""}}, {"model": "mainapp.notes", "pk": 472, "fields": {"title": "Black Currant", "type": "HEART_NOTE", "description": ""}}, {"model": "mainapp.notes", "pk": 473, "fields": {"title": "lemon", "type": "TOP_NOTE", "description": ""}}, {"model": "mainapp.notes", "pk": 474, "fields": {"title": "petitgrain", "type": "TOP_NOTE", "description": ""}}, {"model": "mainapp.notes", "pk": 475, "fields": {"title": "valley", "type": "HEART_NOTE", "description": ""}}, {"model": "mainapp.notes", "pk": 476, "fields": {"title": "prange blossom", "type": "HEART_NOTE", "description": ""}}, {"model": "mainapp.notes", "pk": 477, "fields": {"title": "corriander", "type": "HEART_NOTE", "description": ""}}, {"model": "mainapp.notes", "pk": 478, "fields": {"title": "rosewood amber and musk", "type": "BASE_NOTE", "description": ""}}, {"model": "mainapp.notes", "pk": 479, "fields": {"title": "Sea water", "type": "TOP_NOTE", "description": ""}}, {"model": "mainapp.notes", "pk": 480, "fields": {"title": "Green Notes", "type": "TOP_NOTE", "description": ""}}, {"model": "mainapp.notes", "pk": 481, "fields": {"title": "Calone", "type": "TOP_NOTE", "description": ""}}, {"model": "mainapp.notes", "pk": 482, "fields": {"title": "Neroli", "type": "HEART_NOTE", "description": ""}}, {"model": "mainapp.notes", "pk": 483, "fields": {"title": "Tobacco", "type": "BASE_NOTE", "description": ""}}, {"model": "mainapp.notes", "pk": 484, "fields": {"title": "Ambergris", "type": "BASE_NOTE", "description": ""}}, {"model": "mainapp.notes", "pk": 485, "fields": {"title": "Citrus", "type": "TOP_NOTE", "description": ""}}, {"model": "mainapp.notes", "pk": 486, "fields": {"title": "Frankincense", "type": "BASE_NOTE", "description": ""}}, {"model": "mainapp.notes", "pk": 487, "fields": {"title": "Davana", "type": "TOP_NOTE", "description": ""}}, {"model": "mainapp.notes", "pk": 488, "fields": {"title": "Saffron", "type": "HEART_NOTE", "description": ""}}, {"model": "mainapp.notes", "pk": 489, "fields": {"title": "Orchid", "type": "HEART_NOTE", "description": ""}}, {"model": "mainapp.notes", "pk": 490, "fields": {"title": "Cloves", "type": "HEART_NOTE", "description": ""}}, {"model": "mainapp.notes", "pk": 491, "fields": {"title": "Floral Notes", "type": "BASE_NOTE", "description": ""}}, {"model": "mainapp.notes", "pk": 492, "fields": {"title": "Cashmeran", "type": "BASE_NOTE", "description": ""}}, {"model": "mainapp.notes", "pk": 493, "fields": {"title": "Davana Blossoms", "type": "TOP_NOTE", "description": ""}}, {"model": "mainapp.notes", "pk": 494, "fields": {"title": "Clove", "type": "HEART_NOTE", "description": ""}}, {"model": "mainapp.notes", "pk": 495, "fields": {"title": "", "type": "HEART_NOTE", "description": ""}}, {"model": "mainapp.notes", "pk": 496, "fields": {"title": "Cashmere Wood", "type": "BASE_NOTE", "description": ""}}, {"model": "mainapp.notes", "pk": 497, "fields": {"title": "Pimento", "type": "TOP_NOTE", "description": ""}}, {"model": "mainapp.notes", "pk": 498, "fields": {"title": "Agarwood (Oud)", "type": "HEART_NOTE", "description": ""}}, {"model": "mainapp.notes", "pk": 499, "fields": {"title": "Resins", "type": "BASE_NOTE", "description": ""}}, {"model": "mainapp.notes", "pk": 500, "fields": {"title": "Spicy Saffron", "type": "TOP_NOTE", "description": ""}}, {"model": "mainapp.notes", "pk": 501, "fields": {"title": "Zesty Lemon", "type": "TOP_NOTE", "description": ""}}, {"model": "mainapp.notes", "pk": 502, "fields": {"title": "Fresh Bergamot", "type": "TOP_NOTE", "description": ""}}, {"model": "mainapp.notes", "pk": 503, "fields": {"title": "Floral Jasmine", "type": "HEART_NOTE", "description": ""}}, {"model": "mainapp.notes", "pk": 504, "fields": {"title": "Warm Rose", "type": "HEART_NOTE", "description": ""}}, {"model": "mainapp.notes", "pk": 505, "fields": {"title": "Earthy Patchouli", "type": "HEART_NOTE", "description": ""}}, {"model": "mainapp.notes", "pk": 506, "fields": {"title": "Deep Oud", "type": "BASE_NOTE", "description": ""}}, {"model": "mainapp.notes", "pk": 507, "fields": {"title": "Smooth Musk", "type": "BASE_NOTE", "description": ""}}, {"model": "mainapp.notes", "pk": 508, "fields": {"title": "amalfi lemon", "type": "TOP_NOTE", "description": ""}}, {"model": "mainapp.notes", "pk": 509, "fields": {"title": "bergamot and lavender.", "type": "TOP_NOTE", "description": ""}}, {"model": "mainapp.notes", "pk": 510, "fields": {"title": "sage and thyme", "type": "HEART_NOTE", "description": ""}}, {"model": "mainapp.notes", "pk": 511, "fields": {"title": "tobacco", "type": "BASE_NOTE", "description": ""}}, {"model": "mainapp.notes", "pk": 512, "fields": {"title": "patchouli and vetiver", "type": "BASE_NOTE", "description": ""}}, {"model": "mainapp.notes", "pk": 513, "fields": {"title": "Violet", "type": "TOP_NOTE", "description": ""}}, {"model": "mainapp.notes", "pk": 514, "fields": {"title": "Lemongrass", "type": "TOP_NOTE", "description": ""}}, {"model": "mainapp.notes", "pk": 515, "fields": {"title": "Sage", "type": "TOP_NOTE", "description": ""}}, {"model": "mainapp.notes", "pk": 516, "fields": {"title": "Virginian Cedar", "type": "HEART_NOTE", "description": ""}}, {"model": "mainapp.notes", "pk": 517, "fields": {"title": "Indonesian Patchouli Leaf", "type": "HEART_NOTE", "description": ""}}, {"model": "mainapp.notes", "pk": 518, "fields": {"title": "Crystal Amber", "type": "BASE_NOTE", "description": ""}}, {"model": "mainapp.notes", "pk": 519, "fields": {"title": "Atlas Cedar.", "type": "BASE_NOTE", "description": ""}}, {"model": "mainapp.notes", "pk": 520, "fields": {"title": "Apple", "type": "TOP_NOTE", "description": ""}}, {"model": "mainapp.notes", "pk": 521, "fields": {"title": "Moroccan Jasmine", "type": "HEART_NOTE", "description": ""}}, {"model": "mainapp.notes", "pk": 522, "fields": {"title": "Birch", "type": "BASE_NOTE", "description": ""}}, {"model": "mainapp.notes", "pk": 523, "fields": {"title": "oak moss", "type": "BASE_NOTE", "description": ""}}, {"model": "mainapp.notes", "pk": 524, "fields": {"title": "Ambroxan", "type": "BASE_NOTE", "description": ""}}, {"model": "mainapp.notes", "pk": 525, "fields": {"title": "Spicy Notes", "type": "HEART_NOTE", "description": ""}}, {"model": "mainapp.notes", "pk": 526, "fields": {"title": "Valley", "type": "HEART_NOTE", "description": ""}}, {"model": "mainapp.notes", "pk": 527, "fields": {"title": "Green Mandarin", "type": "TOP_NOTE", "description": ""}}, {"model": "mainapp.notes", "pk": 528, "fields": {"title": "Coconut Nectar", "type": "HEART_NOTE", "description": ""}}, {"model": "mainapp.notes", "pk": 529, "fields": {"title": "Spicy", "type": "TOP_NOTE", "description": ""}}, {"model": "mainapp.notes", "pk": 530, "fields": {"title": "Herbal", "type": "TOP_NOTE", "description": ""}}, {"model": "mainapp.notes", "pk": 531, "fields": {"title": "Fir", "type": "HEART_NOTE", "description": ""}}, {"model": "mainapp.notes", "pk": 532, "fields": {"title": "Dry Woods", "type": "BASE_NOTE", "description": ""}}, {"model": "mainapp.notes", "pk": 533, "fields": {"title": "Fresh Notes", "type": "TOP_NOTE", "description": ""}}, {"model": "mainapp.notes", "pk": 534, "fields": {"title": "Herbal Notes", "type": "TOP_NOTE", "description": ""}}, {"model": "mainapp.notes", "pk": 535, "fields": {"title": "Jasmine (prominent)", "type": "HEART_NOTE", "description": ""}}, {"model": "mainapp.notes", "pk": 536, "fields": {"title": "Moss", "type": "HEART_NOTE", "description": ""}}, {"model": "mainapp.notes", "pk": 537, "fields": {"title": "Lily Of The Valley", "type": "TOP_NOTE", "description": ""}}, {"model": "mainapp.notes", "pk": 538, "fields": {"title": "Powdery", "type": "HEART_NOTE", "description": ""}}, {"model": "mainapp.notes", "pk": 539, "fields": {"title": "Artemisia", "type": "TOP_NOTE", "description": ""}}, {"model": "mainapp.notes", "pk": 540, "fields": {"title": "Orange & Rose", "type": "TOP_NOTE", "description": ""}}, {"model": "mainapp.notes", "pk": 541, "fields": {"title": "Freesia", "type": "HEART_NOTE", "description": ""}}, {"model": "mainapp.notes", "pk": 542, "fields": {"title": "and Black Currant", "type": "HEART_NOTE", "description": ""}}, {"model": "mainapp.notes", "pk": 543, "fields": {"title": "Agarwood", "type": "BASE_NOTE", "description": ""}}, {"model": "mainapp.notes", "pk": 544, "fields": {"title": "Orange Blossom", "type": "HEART_NOTE", "description": ""}}, {"model": "mainapp.notes", "pk": 545, "fields": {"title": "Tonka Bean", "type": "BASE_NOTE", "description": ""}}, {"model": "mainapp.notes", "pk": 546, "fields": {"title": "Fresh Mint", "type": "TOP_NOTE", "description": ""}}, {"model": "mainapp.notes", "pk": 547, "fields": {"title": "Citrus Zest", "type": "TOP_NOTE", "description": ""}}, {"model": "mainapp.notes", "pk": 548, "fields": {"title": "White Florals", "type": "HEART_NOTE", "description": ""}}, {"model": "mainapp.notes", "pk": 549, "fields": {"title": "Herbal Accord", "type": "HEART_NOTE", "description": ""}}, {"model": "mainapp.notes", "pk": 550, "fields": {"title": "Earthy Musk", "type": "BASE_NOTE", "description": ""}}, {"model": "mainapp.notes", "pk": 551, "fields": {"title": "green Rose", "type": "TOP_NOTE", "description": ""}}, {"model": "mainapp.notes", "pk": 552, "fields": {"title": "Oud Accord", "type": "TOP_NOTE", "description": ""}}, {"model": "mainapp.notes", "pk": 553, "fields": {"title": "Black Musk Accord", "type": "BASE_NOTE", "description": ""}}, {"model": "mainapp.notes", "pk": 554, "fields": {"title": "Leather", "type": "BASE_NOTE", "description": ""}}, {"model": "mainapp.notes", "pk": 555, "fields": {"title": "Nutmeg", "type": "TOP_NOTE", "description": ""}}, {"model": "mainapp.notes", "pk": 556, "fields": {"title": "Dates", "type": "HEART_NOTE", "description": ""}}, {"model": "mainapp.notes", "pk": 557, "fields": {"title": "Mahonial", "type": "HEART_NOTE", "description": ""}}, {"model": "mainapp.notes", "pk": 558, "fields": {"title": "Amberwood", "type": "BASE_NOTE", "description": ""}}, {"model": "mainapp.notes", "pk": 559, "fields": {"title": "Myrrh", "type": "BASE_NOTE", "description": ""}}, {"model": "mainapp.notes", "pk": 560, "fields": {"title": "Benzoin", "type": "BASE_NOTE", "description": ""}}, {"model": "mainapp.notes", "pk": 561, "fields": {"title": "Akigalawood", "type": "BASE_NOTE", "description": ""}}, {"model": "mainapp.notes", "pk": 562, "fields": {"title": "Tangerine", "type": "TOP_NOTE", "description": ""}}, {"model": "mainapp.notes", "pk": 563, "fields": {"title": "Heliotrope", "type": "TOP_NOTE", "description": ""}}, {"model": "mainapp.notes", "pk": 564, "fields": {"title": "Gourmand Accord", "type": "HEART_NOTE", "description": ""}}, {"model": "mainapp.notes", "pk": 565, "fields": {"title": "Tropical Fruits", "type": "HEART_NOTE", "description": ""}}, {"model": "mainapp.notes", "pk": 566, "fields": {"title": "Red Berries", "type": "HEART_NOTE", "description": ""}}, {"model": "mainapp.notes", "pk": 567, "fields": {"title": "Fruity Notes", "type": "HEART_NOTE", "description": ""}}, {"model": "mainapp.notes", "pk": 568, "fields": {"title": "Honey", "type": "BASE_NOTE", "description": ""}}, {"model": "mainapp.notes", "pk": 569, "fields": {"title": "chypre musk", "type": "BASE_NOTE", "description": ""}}, {"model": "mainapp.notes", "pk": 570, "fields": {"title": "Fir Resin", "type": "BASE_NOTE", "description": ""}}, {"model": "mainapp.notes", "pk": 571, "fields": {"title": "Calabrian Bergamot", "type": "TOP_NOTE", "description": ""}}, {"model": "mainapp.notes", "pk": 572, "fields": {"title": "Aquatic Notes", "type": "TOP_NOTE", "description": ""}}, {"model": "mainapp.notes", "pk": 573, "fields": {"title": "Fig Leaf", "type": "TOP_NOTE", "description": ""}}, {"model": "mainapp.notes", "pk": 574, "fields": {"title": "Violet Leaf", "type": "HEART_NOTE", "description": ""}}, {"model": "mainapp.notes", "pk": 575, "fields": {"title": "Papyrus", "type": "HEART_NOTE", "description": ""}}, {"model": "mainapp.notes", "pk": 576, "fields": {"title": "Fresh Spicy Fruity", "type": "TOP_NOTE", "description": ""}}, {"model": "mainapp.notes", "pk": 577, "fields": {"title": "Cumin", "type": "HEART_NOTE", "description": ""}}, {"model": "mainapp.notes", "pk": 578, "fields": {"title": "White Wood", "type": "BASE_NOTE", "description": ""}}, {"model": "mainapp.notes", "pk": 626, "fields": {"title": "musk", "type": "BASE_NOTE", "description": null}}, {"model": "mainapp.notes", "pk": 627, "fields": {"title": "Floral", "type": "TOP_NOTE", "description": null}}, {"model": "mainapp.notes", "pk": 628, "fields": {"title": "Floral", "type": "BASE_NOTE", "description": null}}, {"model": "mainapp.notes", "pk": 629, "fields": {"title": "Sandalwood", "type": "TOP_NOTE", "description": null}}, {"model": "mainapp.notes", "pk": 630, "fields": {"title": "Jasmine", "type": "TOP_NOTE", "description": null}}, {"model": "mainapp.notes", "pk": 631, "fields": {"title": "Rose", "type": "TOP_NOTE", "description": null}}, {"model": "mainapp.notes", "pk": 632, "fields": {"title": "Amber", "type": "HEART_NOTE", "description": null}}, {"model": "mainapp.notes", "pk": 633, "fields": {"title": "Geranium", "type": "BASE_NOTE", "description": null}}, {"model": "mainapp.notes", "pk": 634, "fields": {"title": "sweet", "type": "TOP_NOTE", "description": null}}, {"model": "mainapp.notes", "pk": 635, "fields": {"title": "woody", "type": "HEART_NOTE", "description": null}}, {"model": "mainapp.notes", "pk": 636, "fields": {"title": "sweet", "type": "HEART_NOTE", "description": null}}, {"model": "mainapp.notes", "pk": 637, "fields": {"title": "Musk", "type": "TOP_NOTE", "description": null}}, {"model": "mainapp.notes", "pk": 638, "fields": {"title": "Vetiver", "type": "HEART_NOTE", "description": null}}, {"model": "mainapp.notes", "pk": 639, "fields": {"title": "Musky", "type": "HEART_NOTE", "description": null}}, {"model": "mainapp.notes", "pk": 640, "fields": {"title": "Pepper", "type": "TOP_NOTE", "description": null}}, {"model": "mainapp.notes", "pk": 641, "fields": {"title": "Cardamom", "type": "HEART_NOTE", "description": null}}, {"model": "mainapp.notes", "pk": 642, "fields": {"title": "neroli", "type": "HEART_NOTE", "description": null}}, {"model": "mainapp.notes", "pk": 643, "fields": {"title": "jasmine", "type": "BASE_NOTE", "description": null}}, {"model": "mainapp.notes", "pk": 644, "fields": {"title": "Cinnamon", "type": "TOP_NOTE", "description": null}}, {"model": "mainapp.notes", "pk": 645, "fields": {"title": "Patchouli", "type": "BASE_NOTE", "description": null}}, {"model": "mainapp.notes", "pk": 646, "fields": {"title": "White Musk", "type": "BASE_NOTE", "description": null}}, {"model": "mainapp.notes", "pk": 647, "fields": {"title": "Peach", "type": "HEART_NOTE", "description": null}}, {"model": "mainapp.notes", "pk": 648, "fields": {"title": "Vanilla", "type": "BASE_NOTE", "description": null}}, {"model": "mainapp.notes", "pk": 649, "fields": {"title": "lavender", "type": "TOP_NOTE", "description": null}}, {"model": "mainapp.notes", "pk": 650, "fields": {"title": "Coriander", "type": "TOP_NOTE", "description": null}}, {"model": "mainapp.notes", "pk": 651, "fields": {"title": "Sandalwood", "type": "HEART_NOTE", "description": null}}, {"model": "mainapp.notes", "pk": 652, "fields": {"title": "Woody", "type": "BASE_NOTE", "description": null}}, {"model": "mainapp.notes", "pk": 653, "fields": {"title": "Pink Pepper", "type": "BASE_NOTE", "description": null}}, {"model": "mainapp.notes", "pk": 654, "fields": {"title": "Geranium", "type": "TOP_NOTE", "description": null}}, {"model": "mainapp.notes", "pk": 655, "fields": {"title": "Cedar", "type": "HEART_NOTE", "description": null}}, {"model": "mainapp.notes", "pk": 656, "fields": {"title": "Saffron", "type": "TOP_NOTE", "description": null}}, {"model": "mainapp.notes", "pk": 657, "fields": {"title": "Floral Notes", "type": "HEART_NOTE", "description": null}}, {"model": "mainapp.notes", "pk": 658, "fields": {"title": "Black Currant", "type": "TOP_NOTE", "description": null}}, {"model": "mainapp.notes", "pk": 659, "fields": {"title": "Pineapple", "type": "HEART_NOTE", "description": null}}, {"model": "mainapp.notes", "pk": 660, "fields": {"title": "Oud", "type": "BASE_NOTE", "description": null}}, {"model": "mainapp.notes", "pk": 661, "fields": {"title": "White Musk", "type": "HEART_NOTE", "description": null}}, {"model": "mainapp.notes", "pk": 662, "fields": {"title": "Musk", "type": "HEART_NOTE", "description": null}}, {"model": "mainapp.notes", "pk": 663, "fields": {"title": "Spicy Notes", "type": "TOP_NOTE", "description": null}}, {"model": "mainapp.notes", "pk": 664, "fields": {"title": "Dry Woods", "type": "HEART_NOTE", "description": null}}, {"model": "mainapp.notes", "pk": 665, "fields": {"title": "Praline", "type": "HEART_NOTE", "description": null}}, {"model": "mainapp.notes", "pk": 666, "fields": {"title": "Orchid", "type": "TOP_NOTE", "description": null}}, {"model": "mainapp.notes", "pk": 667, "fields": {"title": "Amberwood", "type": "HEART_NOTE", "description": null}}, {"model": "mainapp.notes", "pk": 668, "fields": {"title": "Ambergris", "type": "HEART_NOTE", "description": null}}, {"model": "mainapp.notes", "pk": 669, "fields": {"title": "Agarwood (Oud)", "type": "BASE_NOTE", "description": null}}, {"model": "mainapp.notes", "pk": 670, "fields": {"title": "Ambroxan", "type": "HEART_NOTE", "description": null}}, {"model": "mainapp.notes", "pk": 671, "fields": {"title": "Saffron", "type": "BASE_NOTE", "description": null}}, {"model": "mainapp.notes", "pk": 672, "fields": {"title": "Nutmeg", "type": "HEART_NOTE", "description": null}}, {"model": "mainapp.notes", "pk": 703, "fields": {"title": "Fresh", "type": "TOP_NOTE", "description": null}}, {"model": "mainapp.notes", "pk": 704, "fields": {"title": "Hyacinth", "type": "TOP_NOTE", "description": null}}, {"model": "mainapp.notes", "pk": 705, "fields": {"title": "Lavender and Fruits", "type": "TOP_NOTE", "description": null}}, {"model": "mainapp.notes", "pk": 706, "fields": {"title": "Jasmine and Pink Pepper", "type": "HEART_NOTE", "description": null}}, {"model": "mainapp.notes", "pk": 707, "fields": {"title": "Oud and Musk", "type": "BASE_NOTE", "description": null}}, {"model": "mainapp.notes", "pk": 708, "fields": {"title": "Smoky frankincense", "type": "TOP_NOTE", "description": null}}, {"model": "mainapp.notes", "pk": 709, "fields": {"title": "warm resin", "type": "TOP_NOTE", "description": null}}, {"model": "mainapp.notes", "pk": 710, "fields": {"title": "Earthy herbs", "type": "HEART_NOTE", "description": null}}, {"model": "mainapp.notes", "pk": 711, "fields": {"title": "soft floral hints", "type": "HEART_NOTE", "description": null}}, {"model": "mainapp.notes", "pk": 712, "fields": {"title": "Deep musk", "type": "BASE_NOTE", "description": null}}, {"model": "mainapp.notes", "pk": 713, "fields": {"title": "woody undertones", "type": "BASE_NOTE", "description": null}}, {"model": "mainapp.notes", "pk": 714, "fields": {"title": "subtle spice", "type": "BASE_NOTE", "description": null}}, {"model": "mainapp.notes", "pk": 715, "fields": {"title": "Lemon and Sicilian Bergamot", "type": "TOP_NOTE", "description": null}}, {"model": "mainapp.notes", "pk": 716, "fields": {"title": "Angelica and Galbanum", "type": "HEART_NOTE", "description": null}}, {"model": "mainapp.notes", "pk": 717, "fields": {"title": "Musk and Agarwood", "type": "BASE_NOTE", "description": null}}, {"model": "mainapp.productcategory", "pk": 1, "fields": {"name": "Attar", "parent": null, "category_image": "", "category_icon": "category_icons/attar_JWobPl2.png", "meta_title": "Pure Attar Online India | Natural Perfume Oils | Icon Perfumes", "meta_description": "Browse our pure natural attars: rose, sandalwood, jasmine, oud. Alcohol free fragrances in 5ml & 6ml. Find your perfect scent.", "keywords": "", "index": true, "follow": true, "slug": "attar", "lft": 1, "rght": 6, "tree_id": 5, "level": 0}}, {"model": "mainapp.productcategory", "pk": 2, "fields": {"name": "Roll On Attar 5 ml", "parent": 1, "category_image": "", "category_icon": "category_icons/attar.png", "meta_title": "Buy Pure Rose Attar Online India - 5ml | Icon Perfumes", "meta_description": "Indulge in the sweet and floral aroma of our pure Rose Attar. Made with traditional methods, this natural perfume oil offers a long-lasting and captivating fragrance. Available in 5ml", "keywords": "", "index": true, "follow": true, "slug": "roll-on-attar-5-ml", "lft": 2, "rght": 3, "tree_id": 5, "level": 1}}, {"model": "mainapp.productcategory", "pk": 3, "fields": {"name": "Roll On Attar 6 ml", "parent": 1, "category_image": "", "category_icon": "category_icons/attar_wXvuae5.png", "meta_title": "Buy Pure Rose Attar Online India - 6ml | Icon Perfumes", "meta_description": "Indulge in the sweet and floral aroma of our pure Rose Attar. Made with traditional methods, this natural perfume oil offers a long-lasting and captivating fragrance. Available in 6ml", "keywords": "", "index": true, "follow": true, "slug": "roll-on-attar-6-ml", "lft": 4, "rght": 5, "tree_id": 5, "level": 1}}, {"model": "mainapp.productcategory", "pk": 4, "fields": {"name": "Limestick", "parent": null, "category_image": "", "category_icon": "category_icons/incense.png", "meta_title": "Natural Lime Stick Deodorant Online India | Icon perfumes", "meta_description": "Discover the traditional and effective natural deodorant – the lime stick. A simple and chemical-free way to stay fresh.", "keywords": "", "index": true, "follow": true, "slug": "limestick", "lft": 1, "rght": 2, "tree_id": 7, "level": 0}}, {"model": "mainapp.productcategory", "pk": 21, "fields": {"name": "Gift Sets", "parent": null, "category_image": "", "category_icon": "", "meta_title": null, "meta_description": null, "keywords": "", "index": false, "follow": false, "slug": "gift-sets", "lft": 1, "rght": 2, "tree_id": 6, "level": 0}}, {"model": "mainapp.productseries", "pk": 5, "fields": {"name": "GOLD SERIES"}}, {"model": "mainapp.productseries", "pk": 6, "fields": {"name": "PLATINUM SERIES"}}, {"model": "mainapp.productseries", "pk": 7, "fields": {"name": "ROYAL SERIES"}}, {"model": "mainapp.productseries", "pk": 8, "fields": {"name": "PREMIUM RANGE OF ATTAR"}}, {"model": "mainapp.productseries", "pk": 11, "fields": {"name": "LimeStick"}}, {"model": "mainapp.product", "pk": 86, "fields": {"title": "Chocolate Mushk Roll On Attar 6ml By Icon Perfume", "series": 5, "description": "<p>Chocolate Mushk attar by Icon Perfumes is a warm, indulgent, and decadent roll-on fragrance. In this delightful fragrance, the top note marries sweet cocoa and warm vanilla together, the heart is soft musk blended into powdery floral notes, and the base is creamy sandalwood, rich amber, and dark chocolate that combine to form an inviting, rich, and delicious fragrance with lasting power.</p><p>An alcohol-free, natural oil attar that is gentle on the skin. Chocolate Mushk is a sophisticated scent for someone seeking sweetness and warmth. Whether you want to smell of wonderfully indulgent aromas or added warmth and musky depth to your fragrance collection, Chocolate Mushk is a unique sensory experience to satisfy your yearning. Perfect for evening wear and occasions, you will leave a trail of warmth and elegance.</p><p><b>Why Choose Chocolate Mushk ?</b></p><p>This fragrance is great for those gourmand fragrance lovers that prefer more nuanced creamy fragrances that include sweetness, but in a calming manner alcohol-free, long lasting, and no irritation. Discover the richness of Chocolate Mushk roll-on attar by Icon Perfumes, warmth and elegance in every drop!</p>", "new_arrival": false, "exclusive": false, "highlight": false, "best_seller": false, "recommended": false, "is_combo": false, "height": "11.00", "breadth": "2.00", "width": "2.00", "length": "6.00", "weight": "40.00", "slug": "chocolate-mushk-roll-on-attar-6ml-by-icon-perfume", "created_at": "2025-05-15T15:51:50.650", "updated_at": "2025-10-06T15:02:39.746", "category": [1, 3]}}, {"model": "mainapp.product", "pk": 87, "fields": {"title": "Ice Berg Roll On Attar 6ml By Icon Perfume", "series": 5, "description": "<p>Awaken and feel revived with Ice Berg Attar by Icon Perfumes. This refreshing and uplifting fragrance opens with tangy top notes of basil, bergamot, grapefruit, lemon, and orange. The heart mesmerizes and enchants with soft notes of jasmine and rose. Finishes in subtle peach and musk creating a clean and fresh finish.</p><p>This refreshingly lovely roll-on alcohol-free attar is perfect for daily wear. Its delightful fragrance blends citron brightness with a soft floral elegance and a clean soft musk foundation, ensuring a long-lasting fragrance you can wear all day. Ice Berg Attar refreshes and energizes your thinking and spirit with its cool and refreshing personality at work or the play.</p><p><b>Why Choose Ice Berg ?</b></p><p>If you prefer a clean and citrusy-floral fragrance with a refreshing twist, then Ice Berg might be your perfect choice. And with its alcohol-free gentle formula, it is safe and pleasant to try especially for the delicate skin and continues to be a fresh daily fragrance.</p><p>Experience the crisp and refreshing beauty of Iced Berg roll-on attar by Icon perfumes and enjoy the splendor of freshness.</p>", "new_arrival": false, "exclusive": false, "highlight": false, "best_seller": false, "recommended": false, "is_combo": false, "height": "11.00", "breadth": "2.00", "width": "2.00", "length": "6.00", "weight": "40.00", "slug": "ice-berg-roll-on-attar-6ml-by-icon-perfume", "created_at": "2025-05-15T15:51:50.717", "updated_at": "2025-10-06T15:03:38.564", "category": [1, 3]}}, {"model": "mainapp.product", "pk": 88, "fields": {"title": "Icon Blue Roll On Attar 6ml By Icon Perfume", "series": 5, "description": "<p>Step into sophistication with Icon Blue Attar, a refreshing mint and mandarin orange opening, spicy pepper top, and floral heart notes of jasmine, geranium, rose, and coriander to round out the scent. The base of woody notes and amber add depth and warmth.</p><p>Alcohol-free roll-on attar for individuals seeking a dynamic but classic scent that can transition from day to night. It is a great option for casual and formal occasions, as Icon Blue is an energetic and decorative character for any other fragrance in your collection.</p><p><b>Why Choose Icon Blue ?</b></p><p>If you're looking for a fresh, spicy, woody scent that contains floral heart notes and have it available without any alcohol, this is the choice for you. The roll-on perfumery provides portable applications for daily as well as long-lasting wear.</p><p>This is a vibrant, elegant fragrance experience with Icon Blue roll-on attar by Icon Perfumes, and is crafted for modern elegance.</p>", "new_arrival": false, "exclusive": false, "highlight": false, "best_seller": false, "recommended": false, "is_combo": false, "height": "11.00", "breadth": "2.00", "width": "2.00", "length": "6.00", "weight": "40.00", "slug": "icon-blue-roll-on-attar-6ml-by-icon-perfume", "created_at": "2025-05-15T15:51:50.929", "updated_at": "2025-10-06T15:03:47.638", "category": [1, 3]}}, {"model": "mainapp.product", "pk": 89, "fields": {"title": "London Night Roll On Attar 6ml By Icon Perfume", "series": 5, "description": "<p>Experience the mysterious charm of the evening with London Night Attar, including bright top notes of orange blossom, neroli and bergamot; the heart is musk and ozone, allowing for a clean yet sensual vibe, with the depth of amber, vetiver, and patchouli grounding the base.</p><p>Alcohol-free attar that captures an urban nightlife sensation, London Night is an attar for evening occasions or for important special events. The unique balance of fresh and warm notes contributes to an unforgettable signature fragrance.</p><p><b>Why Choose London Night ?</b></p><p>Good for those who want a bold yet refined fragrance, with a fresh, mysterious aura. Alcohol-free and perfumery approved for skin safety, and lasting performance.</p><p>Experience the splendid mystique of London Night roll-on attar by Icon Perfumes, your ideal adventure after dusk.</p>", "new_arrival": false, "exclusive": false, "highlight": false, "best_seller": false, "recommended": false, "is_combo": false, "height": "11.00", "breadth": "2.00", "width": "2.00", "length": "6.00", "weight": "40.00", "slug": "london-night-roll-on-attar-6ml-by-icon-perfume", "created_at": "2025-05-15T15:51:50.991", "updated_at": "2025-10-06T15:03:54.981", "category": [1, 3]}}, {"model": "mainapp.product", "pk": 90, "fields": {"title": "Ameer Al Oudh Roll On Attar 6ml By Icon Perfume", "series": 5, "description": "<p>Experience a true traditional fragrance with Ameer Al Oudh Perfume by Icon Perfumes, an ancient and rich blend of oud and floral aldehydes for an amazing scent combination.</p><p>Ameer Al Oudh is a lovely perfume blend for the connoisseur of true traditional Middle Eastern perfumes. This roll on perfume is the better option for an alcohol free formulation that will provide a rich, luxurious, long lasting scent suitable for formal wear and personal enjoyment.</p><p><b>Why Choose Ameer Al Oudh ?</b></p><p>If you are someone whose looking for a regal authentic experience with beautiful and deep oud, and florals that blends nicely with the unique aldehydic note in an alcohol free formula.</p><p>Ameer Al Oudh has the ability to elevate your fragrance experience with the roll-on attar by Icon Perfumes, where tradition meets sophistication.</p>", "new_arrival": false, "exclusive": false, "highlight": false, "best_seller": false, "recommended": false, "is_combo": false, "height": "11.00", "breadth": "2.00", "width": "2.00", "length": "6.00", "weight": "40.00", "slug": "ameer-al-oudh-roll-on-attar-6ml-by-icon-perfume", "created_at": "2025-05-15T15:51:51.064", "updated_at": "2025-10-06T15:04:42.922", "category": [1, 3]}}, {"model": "mainapp.product", "pk": 91, "fields": {"title": "Xxs Roll On Attar 6ml By Icon Perfume", "series": 5, "description": "<p>Experience the fresh rejuvenation of XXS Attar, which begins with top notes of grapefruit, cardamom, rosemary and cedar leaf. The heart of this fragrance embodies tuberose and ylang-ylang; as the base takes on cedar, vetiver, and a touch of suede to finish.</p><p>This no-alcohol roll-on attar offers a great balance of citrus, floral, and wood notes for people who build excitement for those around them and like wearing something every other day.</p><p><b>Why Choose XXS ?</b></p><p>The product is a good choice for people who enjoy a simply fresh yet complex scent that blends citrus and woods and don't want alcohol.</p><p>Enjoy the lively and classy scent of XXS roll-on attar by Icon Perfumes.</p>", "new_arrival": false, "exclusive": false, "highlight": false, "best_seller": false, "recommended": false, "is_combo": false, "height": "11.00", "breadth": "2.00", "width": "2.00", "length": "6.00", "weight": "40.00", "slug": "xxs-roll-on-attar-6ml-by-icon-perfume", "created_at": "2025-05-15T15:51:51.128", "updated_at": "2025-10-06T15:04:50.927", "category": [1, 3]}}, {"model": "mainapp.product", "pk": 92, "fields": {"title": "Zxx Roll On Attar 6ml By Icon Perfume", "series": 5, "description": "<p>Delight yourself into this aromatic fusion of ZXX Attar, beginning with top notes of lavender, lemon, and orange, followed by warm spicy woody notes in the heart. A full and inviting fragrance.</p><p>This roll-on attar is alcohol-free, smells great and is for anyone that likes a comforting yet bold fragrance that is capable of being worn all day.</p><p><b>Why choose ZXX ? </b></p><p>For those who like spicy and woody fragrances that are cut with fresh citrus, with the assurance that this product is completely alcohol-free,</p><p>The warm and spicy wonder of ZXX roll-on attar by Icon Perfumes awaits you.</p>", "new_arrival": false, "exclusive": false, "highlight": false, "best_seller": false, "recommended": false, "is_combo": false, "height": "11.00", "breadth": "2.00", "width": "2.00", "length": "6.00", "weight": "40.00", "slug": "zxx-roll-on-attar-6ml-by-icon-perfume", "created_at": "2025-05-15T15:51:51.190", "updated_at": "2025-10-06T15:05:41.183", "category": [1, 3]}}, {"model": "mainapp.product", "pk": 93, "fields": {"title": "J. Firdaus Roll On Attar 6ml By Icon Perfume", "series": 5, "description": "<p>Experience paradise with Jannat ul Firdaus Attar, a harmonious mix in the top notes with aldehydes, basil, and bergamot with the floral nuances in the heart with clove, geranium, iris, and jasmine. The base has a lovely combination of amber, chypre-like musk, and wood to achieve a very complex, captivating fragrance.</p><p>However, this roll-on attar is alcohol-free, especially good for people who love oily, rich, layered scents, especially floral and musky scents.</p><p><b>Why choose Jannat ul Firdaus ?</b></p><p>For fragrance lovers who seek an exclusive and luxurious attar that inspires a sense of mystique and elegance, with no alcohol.</p><p>Explore the heavenly scent of Jannat ul Firdaus roll-on attar by Icon Perfumes.</p>", "new_arrival": false, "exclusive": false, "highlight": false, "best_seller": false, "recommended": false, "is_combo": false, "height": "11.00", "breadth": "2.00", "width": "2.00", "length": "6.00", "weight": "40.00", "slug": "j-firdaus-roll-on-attar-6ml-by-icon-perfume", "created_at": "2025-05-15T15:51:51.253", "updated_at": "2025-10-06T15:05:56.558", "category": [1, 3]}}, {"model": "mainapp.product", "pk": 94, "fields": {"title": "Rose Roll On Attar 6ml By Icon Perfume", "series": 5, "description": "<p>The Rose Attar by Icon Perfumes is about the celebration of everlasting love and romance with the exciting fragrance of rose absolute, accompanied by green and light spicy geranium with the sweetest and headiest jasmine notes. The base is made of soft musk and subtle woody notes for a warm and delicious lingering finish. This roll-on attar is alcohol-free but captures the essence of traditional floral elegance.</p><p>Whether you are dressing casually, or formally, the fragrance is gentle on the skin and has longevity.</p><p><b>Why Choose Rose ?</b></p><p>For those who appreciate authentic rose fragrances without alcohol, they are looking for an alcohol free and natural attar with softness and real depth.</p><p>Everyday romance can be yours with Rose roll-on attar by Icon Perfumes.\"</p>", "new_arrival": false, "exclusive": false, "highlight": false, "best_seller": false, "recommended": false, "is_combo": false, "height": "11.00", "breadth": "2.00", "width": "2.00", "length": "6.00", "weight": "40.00", "slug": "rose-roll-on-attar-6ml-by-icon-perfume", "created_at": "2025-05-15T15:51:51.324", "updated_at": "2025-10-06T15:06:04.832", "category": [1, 3]}}, {"model": "mainapp.product", "pk": 95, "fields": {"title": "Mogra Roll On Attar 6ml By Icon Perfume", "series": 5, "description": "<p>Mogra Attar boasts a fresh, intoxicating quality; the top notes smell bright and airy of white flowers and orange blossom, with a delicate heart of ylang-ylang and peach. The base notes yield soft, woody undertones to provide warmth and grounding, making this fragrance delicate yet exuberant. This roll-on attar is alcohol-free and a natural scent that lasts; it is perfect to wear every day.</p><p>Mogra attar is made for those who relish traditional Indian floral scents reimagined for modern use.</p><p><b>Why Choose Mogra ?</b></p><p>Mogra is a great choice for those who love fresh floral attars that remain gentle and natural throughout the day.</p><p>Explore the scents of tradition with Mogra roll-on attar by Icon Perfumes.</p>", "new_arrival": false, "exclusive": false, "highlight": false, "best_seller": false, "recommended": false, "is_combo": false, "height": "11.00", "breadth": "2.00", "width": "2.00", "length": "6.00", "weight": "40.00", "slug": "mogra-roll-on-attar-6ml-by-icon-perfume", "created_at": "2025-05-15T15:51:51.384", "updated_at": "2025-10-06T15:06:17.924", "category": [1, 3]}}, {"model": "mainapp.product", "pk": 96, "fields": {"title": "Zamzam Roll On Attar 6ml By Icon Perfume", "series": 5, "description": "<p>Embark on a vibrant and uplifting aromatic journey with Zamzam Roll-On Attar by Icon Perfumes. Zamzam begins with bright citrusy bergamot and fresh green notes that excite with a fresh start. The heart of Zamzam showcases subtle spicy hints and floral accords that come together seamlessly to create a sophisticated mid of sophistication. The base notes composed of warm amber, musk, and warm wood bring depth and longevity, finishing a well-rounded and long-lasting signature scent.</p><p>Zamzam is crafted of 100% alcohol-free natural oils; it is great for skin and an excellent daily wearing fragrance that is clean yet complex. Zamzam is so versatile with its blended fresh and spicy notes, you can wear the attar for casual wear or special occasions with great success.</p><p><b>Why Choose Zamzam ?</b></p><p>Zamzam attar comes as a very balanced composition of fresh, spicy, and woody fragrances with complexity. Based upon your skin, the fragrance adheres to your skin without alcohol and irritation.</p><p>Explore the energetic charms of Zamzam roll-on attar by Icon Perfumes, and enjoy the aroma that captivates you!\"</p>", "new_arrival": false, "exclusive": false, "highlight": false, "best_seller": false, "recommended": false, "is_combo": false, "height": "11.00", "breadth": "2.00", "width": "2.00", "length": "6.00", "weight": "40.00", "slug": "zamzam-roll-on-attar-6ml-by-icon-perfume", "created_at": "2025-05-15T15:51:51.435", "updated_at": "2025-10-06T15:06:26.633", "category": [1, 3]}}, {"model": "mainapp.product", "pk": 97, "fields": {"title": "Arba-wardat Roll On Attar 6ml By Icon Perfume", "series": 5, "description": "<p>Experience the luxurious amalgamation of Arba-Wardat Roll-On Attar by Icon Perfumes. From the outset, Arba-Wardat immediately enchants the senses with a scintillating bergamot top note. The floral heart, exquisite jasmine, and rose are embraced by a warm musk, sandalwood, amber base.</p><p>This attar is alcohol-free and represents an ideal fit for all fans of the classic approach to floral compositions with a warm woody base; designed as gentle and kind to the skin, while presenting its incorporated characters with substance for notable longevity. A flawless, alcohol-free attar fit for daily wear or special occasion.</p><p><b>Why Choose Arba-Wardat ?</b></p><p>This attar is fantastic for the lovers of traditional and classic floral attar with warm, inviting base notes. Overall an alcohol-free choice for your pure and skin safe use.</p><p>Explore the understated sophistication of Arba-Wardat roll-on attar by Icon Perfumes, combining floral elegance with a warm sustained finish.</p>", "new_arrival": false, "exclusive": false, "highlight": false, "best_seller": false, "recommended": false, "is_combo": false, "height": "11.00", "breadth": "2.00", "width": "2.00", "length": "6.00", "weight": "40.00", "slug": "arba-wardat-roll-on-attar-6ml-by-icon-perfume", "created_at": "2025-05-15T15:51:51.491", "updated_at": "2025-10-06T15:07:08.705", "category": [1, 3]}}, {"model": "mainapp.product", "pk": 98, "fields": {"title": "White London Roll On Attar 6ml By Icon Perfume", "series": 5, "description": "<p>Enter the soft floral scenery of White London Roll-On Attar by Icon Perfumes. A fragrance of floral ambrosial notes attractively combines to brighten and evoke calm elegance.</p><p>Made with high quality ingredients that are alcohol-free, this attar is wonderful for those individuals who enjoy a floral fragrance that is soft and gentle and is not too strong while still being long lasting for both casual and formal use. The roll-on format makes application and carrying this scent around easy.</p><p><b>Why Choose White London ?</b></p><p>This is great for the individual who wants a pure, fresh, and feminine fragrance alcohol-free, and soft yet strong lasting scent.</p><p>Experience delicate and elegant charm with White London roll-on attar by Icon Perfumes.</p>", "new_arrival": false, "exclusive": false, "highlight": false, "best_seller": false, "recommended": false, "is_combo": false, "height": "11.00", "breadth": "2.00", "width": "2.00", "length": "6.00", "weight": "40.00", "slug": "white-london-roll-on-attar-6ml-by-icon-perfume", "created_at": "2025-05-15T15:51:51.597", "updated_at": "2025-10-06T15:07:22.492", "category": [1, 3]}}, {"model": "mainapp.product", "pk": 99, "fields": {"title": "Aseel Roll On Attar 6ml By Icon Perfume", "series": 5, "description": "<p>Discover the exotic fragrance profile of Aseel Roll-On Attar by Icon Perfumes. The scent opens with top notes of red rose, sandalwood and mint, followed by a sweet heart of vanilla and caramel, which then transitions to a base of agarwood and saffron.</p><p>This alcohol free formulation makes Aseel gentle on the skin, and provides a lasting fragrance experience without the use of alcohol. Aseel is great for individuals that enjoy a fragrance profile that is floral, spicy and woody.</p><p><b>Why Choose Aseel ?</b></p><p>Aseel is a great fragrance for individuals that are looking for a warm, sensual scent with floral and exotic key notes made in a skin-friendly, alcohol free formula.</p><p>Experience the exotic luxury of Aseel roll-on attar by Icon Perfumes, a true statement of elegance.\"</p>", "new_arrival": false, "exclusive": false, "highlight": false, "best_seller": false, "recommended": false, "is_combo": false, "height": "11.00", "breadth": "2.00", "width": "2.00", "length": "6.00", "weight": "40.00", "slug": "aseel-roll-on-attar-6ml-by-icon-perfume", "created_at": "2025-05-15T15:51:51.665", "updated_at": "2025-10-06T15:07:32.650", "category": [1, 3]}}, {"model": "mainapp.product", "pk": 100, "fields": {"title": "White Mushk Roll On Attar 6ml By Icon Perfume", "series": 5, "description": "<p>Experience the crisp and pure scent of White Mushk Roll-On Attar by Icon Perfumes. The top notes of white musk, jasmine, and rose open bright. The heart has notes of iris and amber with base notes of sandalwood that complement and soften the fragrance.</p><p>This roll-on attar contains no alcohol, so it can be used every day as an essential fragrance to make every day a little brighter and fresher. The gentle formula can be used on all skin types.</p><p><b>Who Will Love White Mushk ?</b></p><p>People who love fresh musky florals with a warm base note. This is a safe option for the skin and is fresh and lingering and alcohol-free!</p><p><b>Summary</b>:</p><p>The pure and timeless character of Icon's White Mushk roll-on attar—a clean and crisp fragrance</p>", "new_arrival": false, "exclusive": false, "highlight": false, "best_seller": false, "recommended": false, "is_combo": false, "height": "11.00", "breadth": "2.00", "width": "2.00", "length": "6.00", "weight": "40.00", "slug": "white-mushk-roll-on-attar-6ml-by-icon-perfume", "created_at": "2025-05-15T15:51:51.734", "updated_at": "2025-10-06T15:07:44.633", "category": [1, 3]}}, {"model": "mainapp.product", "pk": 101, "fields": {"title": "Blue Berry Roll On Attar 6ml By Icon Perfume", "series": 5, "description": "<p>Awaken your senses with the bright Blue Berry Roll-On Attar, by Icon Perfumes. Blue Berry begins with fruity pineapple sorbet & mandarin orange notes, then develops with herbal and floral notes of bay leaf and clary sage, and geranium, with a clean, fresh base finish.</p><p>This alcohol-free perfume is fun, playful, and fresh, and is perfect for every day or those who enjoy lively and bright fragrance notes!</p><p><b>Why Choose Blue Berry ? </b></p><p>If you love fresh, fruity, and herbal fragrances, with an alcohol-free, skin-friendly roll-on attar format, Blue Berry is the perfect choice.</p><p>a</p><p>The fun, vibrant aroma of Blue Berry roll-on attar by Icon Perfumes—bright, fresh, and natural.</p>", "new_arrival": false, "exclusive": false, "highlight": false, "best_seller": true, "recommended": false, "is_combo": false, "height": "11.00", "breadth": "2.00", "width": "2.00", "length": "6.00", "weight": "40.00", "slug": "blue-berry-roll-on-attar-6ml-by-icon-perfume", "created_at": "2025-05-15T15:51:51.812", "updated_at": "2025-10-06T15:08:02.937", "category": [1, 3]}}, {"model": "mainapp.product", "pk": 102, "fields": {"title": "Something Roll On Attar 6ml By Icon Perfume", "series": 5, "description": "<p>The fascinating enigma of Something Roll-On Attar by Icon Perfumes possesses a primal yet alluring aspect. Something roll-on opens with the most inviting fresh bergamot, quickly followed up with fruity citrus top notes. The heart of the fragrance is full of exotic and alluring floral notes including jasmine, ylang-ylang, and tuberose that envelop the senses. The base blends the warmth of musk and sweet amber with fresh accords. Overall, Something roll-on attar creates a balanced and unique perfume.</p><p>This alcohol-free attar not only glides on smooth, but will also provide great care of your skin since it has no alcohol content. Something roll-on is a great asset to anyone's daily scents for a balanced and bright perfume that mixes the freshness of greenery with the beautiful floral notes, and warmth for feeling your best.</p><p><b>Why Choose Something ?</b></p><p>Nice option for anyone looking for a comfortably blended balanced scent with the freshness of floral and warmth. Alcohol-free and you will enjoy wearing it daily.</p><p>Discover the beauty of Something roll-on attar by Icon Perfumes which can be described as fresh, floral, and captivating fragrance.</p>", "new_arrival": false, "exclusive": false, "highlight": false, "best_seller": false, "recommended": false, "is_combo": false, "height": "11.00", "breadth": "2.00", "width": "2.00", "length": "6.00", "weight": "40.00", "slug": "something-roll-on-attar-6ml-by-icon-perfume", "created_at": "2025-05-15T15:51:51.891", "updated_at": "2025-10-06T15:08:21.115", "category": [1, 3]}}, {"model": "mainapp.product", "pk": 103, "fields": {"title": "Ch-men Roll On Attar 6ml By Icon Perfume", "series": 5, "description": "<p>Dive into the bold and spicily sweet elements of Ch-Men Roll-On Attar by Icon Perfumes. The fragrance opens with a citrus, fresh spicy suggestion, leading to a warm spicy patchouli and that little, sweet, shadow undertone. The woody and musky base notes create a masculine and confident finish.</p><p>Purely crafted with Braham, the attar scent is harmless and has an extended scent compared to alcohol colognes; this fragrance is best suited for men who want an elegant scent that enhances whimsy.</p><p><b>Ch-Men's Promise:</b></p><p>Ideal for men looking for a spicy, woody, and fresh fragrance that lasts all day without irritating alcohol.</p><p>Get courage with Ch-Men roll-on attar by Icon Perfumes, a truly manly statement.</p>", "new_arrival": false, "exclusive": false, "highlight": false, "best_seller": false, "recommended": false, "is_combo": false, "height": "11.00", "breadth": "2.00", "width": "2.00", "length": "6.00", "weight": "40.00", "slug": "ch-men-roll-on-attar-6ml-by-icon-perfume", "created_at": "2025-05-15T15:51:51.957", "updated_at": "2025-10-06T15:08:42.905", "category": [1, 3]}}, {"model": "mainapp.product", "pk": 104, "fields": {"title": "Sukhad Roll On Attar 6ml By Icon Perfume", "series": 5, "description": "<p>Sukhad Roll-On Attar by Icon Perfumes allows you to enter the pleasantness of a soothing aroma. It has sweet, green, woody, and creamy spicy notes with a resinous base. Sukhad is calming, and grounding.</p><p>sukhad attar is alcohol-free and made with natural oils and is a good choice for anyone who likes warm and comforting scents and want a sense of peacefulness and elegance throughout the day.</p><p><b>Why Choose Sukhad ?</b></p><p>A good fit for anyone who enjoys natural woody comforting fragrances with reasonably long-lasting, alcohol-free purity.</p><p>Unwind with Sukhad roll-on attar by Icon Perfumes and let it be your aromatic retreat.\"</p>", "new_arrival": false, "exclusive": false, "highlight": false, "best_seller": false, "recommended": false, "is_combo": false, "height": "11.00", "breadth": "2.00", "width": "2.00", "length": "6.00", "weight": "40.00", "slug": "sukhad-roll-on-attar-6ml-by-icon-perfume", "created_at": "2025-05-15T15:51:52.023", "updated_at": "2025-10-06T15:08:52.444", "category": [1, 3]}}, {"model": "mainapp.product", "pk": 105, "fields": {"title": "Oudh Kasturi Roll On Attar 6ml By Icon Perfume", "series": 5, "description": "<p>Immerse yourself in the rich, musky class of Oudh Kasturi Roll-On Attar by Icon Perfumes. It opens musky and praline, before a luscious heart of patchouli, vetiver, and plum, finishing with a smooth and warm base of earthy and sweet notes.</p><p>Oudh Kasturi is crafted alcohol-free for longevity and skin sensitivity. Oudh Kasturi is ideal for those wanting deep, complex, and rich scents.</p><p><b>Why choose Oudh Kasturi ?</b></p><p>If you appreciate a musky, woody, and sweet attar, Oudh Kasturi offers a sophisticated and refined fragrance, free alcohol to last.</p><p>Enjoy the opulence of Oudh Kasturi roll-on attar by Icon Perfumes.</p>", "new_arrival": false, "exclusive": false, "highlight": false, "best_seller": false, "recommended": false, "is_combo": false, "height": "11.00", "breadth": "2.00", "width": "2.00", "length": "6.00", "weight": "40.00", "slug": "oudh-kasturi-roll-on-attar-6ml-by-icon-perfume", "created_at": "2025-05-15T15:51:52.087", "updated_at": "2025-10-06T15:09:36.125", "category": [1, 3]}}, {"model": "mainapp.product", "pk": 106, "fields": {"title": "Musk Abiyad Roll On Attar 6ml By Icon Perfume", "series": 5, "description": "<p>Relax in the grace of Musk Abiyad Roll-On Attar by Icon Perfumes. A fragrance of purity, softness, and spiritual calmness that opens with tiered rose petals and soft white musk that reveal a balsamic depth settling into a creamy mix of powdery musk and sandalwood.</p><p>Musk Abiyad is a long-lasting, non-alcoholic roll-on attar with a delicate touch on the skin. The scent is soft but balances well with nuanced richness, suitable for both men and women who desire a beautiful fragrance without overwhelming intensity.</p><p><b>Why Would I Choose Musk Abiyad ?</b></p><p>A signature selection for anyone who enjoys clean musky attars. It is a great solution for anyone with sensitivities to allergens but also beneficial for spiritual purposes to wear the grace of peace in each drop.</p><p>Musk Abiyad is a relaxing aroma with peaceful grace. A simple, classic, and soul-soothing experience.</p>", "new_arrival": false, "exclusive": false, "highlight": false, "best_seller": false, "recommended": false, "is_combo": false, "height": "11.00", "breadth": "2.00", "width": "2.00", "length": "6.00", "weight": "40.00", "slug": "musk-abiyad-roll-on-attar-6ml-by-icon-perfume", "created_at": "2025-05-15T15:51:52.139", "updated_at": "2025-10-06T15:09:49.543", "category": [1, 3]}}, {"model": "mainapp.product", "pk": 107, "fields": {"title": "Icon Prophecy Roll On Attar 6ml By Icon Perfume", "series": 5, "description": "<p>Step into floral intrigue with Icon Prophecy Roll-On Attar by Icon Perfumes. This luxury roll-on opens with a bright , liverishly composed odour of lily, aldehydes, with a gentle pinch of pepper, flowing into a floral heart of cassis, carnation, gardenia, and jasmine, and finishing on a potent woody base of cedarwood, sandalwood, oakmoss, amber and vetiver.</p><p>This alcohol-free attar is a scented story—elegant yet mysterious. Perfect for evening wear or festive, celebratory occasions, it doesn't overbear, but surely leaves a strong impression.</p><p><b>Why You Should Choose Icon Prophecy ?</b></p><p>It was made for those that love sophisticated layering. A luxurious, natural scent with an empowering staying power. It's alcohol-free and scented for all genders.</p><p>Icon prophecy is not just a perfume, but a signature scent ready to be uncovered.\"</p>", "new_arrival": false, "exclusive": false, "highlight": false, "best_seller": false, "recommended": false, "is_combo": false, "height": "11.00", "breadth": "2.00", "width": "2.00", "length": "6.00", "weight": "40.00", "slug": "royal-prophecy-roll-on-attar-6ml-by-icon-perfume", "created_at": "2025-05-15T15:51:52.200", "updated_at": "2025-10-06T15:10:02.472", "category": [1, 3]}}, {"model": "mainapp.product", "pk": 108, "fields": {"title": "La Paison Roll On Attar 6ml By Icon Perfume", "series": 5, "description": "<p>To make an entrance that speaks volumes, wear Lapassion Roll-On Attar by Icon Perfumes. This original fragrance opens with an energetic burst of grapefruit and marine notes to accentuate the aroma with a bright and fresh awakening. The heart features a romantic blend of jasmine and bay leaf, while the base settles down to patchouli, guaiac wood, and ambergris to allow for a warm and earthy dry-down.</p><p>Lapassion is a luxurious smelling option without alcohol. This is for people who favour a modern, fresh, more masculine scent that also echoes classic warmth, making it a true statement piece for day through night.</p><p><b>Why Choose Lapassion ?</b></p><p>Lapassion has been made for the confident personality who lives for fresh, aquatic, woody warm fragrances. An alcohol-free, long-wearing formula that is good for your skin makes your journey through the day full of reminders of luxurious freshness.</p><p>Be the definition of style with Lapassion by Icon Perfumes - fresh, bold, and unforgettable.</p>", "new_arrival": false, "exclusive": false, "highlight": false, "best_seller": false, "recommended": false, "is_combo": false, "height": "11.00", "breadth": "2.00", "width": "2.00", "length": "6.00", "weight": "40.00", "slug": "la-paison-roll-on-attar-6ml-by-icon-perfume", "created_at": "2025-05-15T15:51:52.266", "updated_at": "2025-10-06T15:10:17.689", "category": [1, 3]}}, {"model": "mainapp.product", "pk": 109, "fields": {"title": "Love Forever Roll On Attar 6ml By Icon Perfume", "series": 5, "description": "<p>Indulge in the romance of Love Forever Roll-On Attar by Icon Perfumes. This fragrant elixir begins with succulent red fruits and mandarin orange, then glides smoothly into a floral heart of jasmine and ylang-ylang. Amber, white musk, and sandalwood harmoniously melt, leaving you with a soft sophisticated trail.</p><p>Love Forever by Icon Perfumes is made with 100% alcohol-free oils. Love Forever is perfect for a romantic evening, wedding or special occasion. Its delicate touch and the lingering aroma makes it highly recommended for anyone who loves pastel, sweet, and feminine scents!</p><p><b>Why you will love Love Forever ?</b></p><p>It's a beautiful scent for anyone who enjoys fruit-floral attars that possess a certain elegance. The alcohol-free base that is skin-friendly makes it perfect for an all-day wear.</p><p>Gather your moments, celebrate your moments Love Forever by Icon Perfumes - soft, sensual, and charmingly forever.</p>", "new_arrival": false, "exclusive": false, "highlight": false, "best_seller": false, "recommended": false, "is_combo": false, "height": "11.00", "breadth": "2.00", "width": "2.00", "length": "6.00", "weight": "40.00", "slug": "love-forever-roll-on-attar-6ml-by-icon-perfume", "created_at": "2025-05-15T15:51:52.330", "updated_at": "2025-10-06T15:10:30.150", "category": [1, 3]}}, {"model": "mainapp.product", "pk": 110, "fields": {"title": "Velvet Roll On Attar 6ml By Icon Perfume", "series": 5, "description": "<p>Experience the enveloping sophistication of Velvet Roll-On Attar by Icon Perfumes. The fragrance opens with sparkling bergamot and orange blossom transitioning in to a heart of rose, magnolia and cedarwood. The velvety dry down of musk, tonka bean and sandalwood closes the notes of this attar, warm and cozy with a suggestion of smoothness.</p><p>Velvet is an alcohol-free roll-on fragrance created for those who appreciate contemporary sophistication. Wear it in the office or on a special evening, and it will create an impression of elegance.</p><p><b>Why Choose Velvet ?</b></p><p>Velvet is for those who love musky, woody florals and expect luxury in every drop. Use it comfortably as it is alcohol-free.</p><p>Feel luxurious every day wearing Velvet roll-on attar by Icon Perfumes.</p>", "new_arrival": false, "exclusive": false, "highlight": false, "best_seller": false, "recommended": false, "is_combo": false, "height": "11.00", "breadth": "2.00", "width": "2.00", "length": "6.00", "weight": "40.00", "slug": "velvet-roll-on-attar-6ml-by-icon-perfume", "created_at": "2025-05-15T15:51:52.392", "updated_at": "2025-10-06T15:11:08.073", "category": [1, 3]}}, {"model": "mainapp.product", "pk": 111, "fields": {"title": "Jawad Al Oudh Roll On Attar 6ml By Icon Perfume", "series": 5, "description": "<p>With the Jawad Al Oudh Roll-On Attar you will smell like royalty. This majestic scent opens with a zesty triumvirate of bergamot, lemon, and cardamom, before fleshing out into a tender, warm heart of geranium, lavender, and leather. The base includes oudh, amber, sandalwood, and musk, this will form a thick and rich heart you will have people remembering who you are for.</p><p>Jawad Al Oudh is specifically blended for those who can appreciate and distinguish the artistry of traditional Middle Eastern fragrance. Alcohol free, Jawad Al Oudh is blended to impress! Jawad Al Oudh is strong, long lasting, and bold, as you approach it with confidence you will have a signature fragrance!</p><p><b>Why Choose Jawad Al Oudh ?</b></p><p>Perfect for those who prefer strong spicy woody attars which contain cultural sophistication and luxurious depths. The bold scented choice without the alcohol and thus a commanding choice!</p>", "new_arrival": false, "exclusive": false, "highlight": false, "best_seller": false, "recommended": false, "is_combo": false, "height": "11.00", "breadth": "2.00", "width": "2.00", "length": "6.00", "weight": "40.00", "slug": "jawad-al-oudh-roll-on-attar-6ml-by-icon-perfume", "created_at": "2025-05-15T15:51:52.464", "updated_at": "2025-10-06T15:11:22.642", "category": [1, 3]}}, {"model": "mainapp.product", "pk": 112, "fields": {"title": "Magnet Roll On Attar 6ml By Icon Perfume", "series": 6, "description": "<p>Get everyone to turn their heads in your direction with the all-new Magnet Attar by Icon Perfumes! This intoxicating fragrance opens with the essence of lavender, rosemary, basil, and verbena, heart notes of angelica, cinnamon, coriander, and juniper berry, and base notes of balsam fir, patchouli, vetiver, and oakmoss for a rich, earthy scent.</p><p>This 100% alcohol-free natural attar eliminates the alcohol from traditional perfumes, and provides a unique composition for users with different experiences, especially if you have sensitive skin. Long-lasting fragrance and magnetic presence for all occasions, casual to formal.</p><p><b>Why Choose Magnet ?</b></p><p>For those who love herbal and woody fragrances that contains a rich, earthy base. Our alcohol-free formula provides lasting elegance without irritation.</p><p>Magnet roll-on attar is a magnetic allure scent that instantly draws people into you, the fragrance alone captivates people effortlessly.</p>", "new_arrival": false, "exclusive": false, "highlight": false, "best_seller": false, "recommended": false, "is_combo": false, "height": "11.00", "breadth": "2.00", "width": "2.00", "length": "6.00", "weight": "40.00", "slug": "magnet-roll-on-attar-6ml-by-icon-perfume", "created_at": "2025-05-15T15:51:52.529", "updated_at": "2025-10-06T15:11:33.723", "category": [1, 3]}}, {"model": "mainapp.product", "pk": 113, "fields": {"title": "Sabaya Roll On Attar 6ml By Icon Perfume", "series": 6, "description": "<p>Wearing Sabaya Attar by Icon Perfumes you will achieve fresh elegance. The fragrance opens with pink pepper and mandarin orange and shifts into a heart of green, fresh notes. Sabaya settles with a dry down of white musk and woody notes, keeping your fragrance clean and lasting.</p><p>You can wear this roll-on attar as a daily fragrance, delivered as an alcohol-free scent. You can rely on a bright and uplifting scent to wear anytime. This gentle dosing will provide long-lasting wear without irritation.</p><p><b>Why Choose Sabaya ?</b></p><p>A fantastic fragrance for fresh, citrusy notes with a clean musk base, an alcohol-free scent provides comfort and longevity for everyday use.</p><p>Embrace the fresh elegance of Sabaya roll-on attar by Icon Perfumes; bright ,clean, and timeless.</p>", "new_arrival": false, "exclusive": false, "highlight": false, "best_seller": false, "recommended": false, "is_combo": false, "height": "11.00", "breadth": "2.00", "width": "2.00", "length": "6.00", "weight": "40.00", "slug": "sabaya-roll-on-attar-6ml-by-icon-perfume", "created_at": "2025-05-15T15:51:52.604", "updated_at": "2025-10-06T15:11:56.658", "category": [1, 3]}}, {"model": "mainapp.product", "pk": 114, "fields": {"title": "9898 Roll On Attar 6ml By Icon Perfume", "series": 6, "description": "<p>Experience a palette of luxury sweetness wit 9898 Attar. This attention-grabbing scent introduces us to notes of pink pepper, mandarin orange, lavender, bergamot, lemon, and petitgrain followed by notes of peach, jasmine, raspberry, geranium, valley, orange blossom, coriander, and cumin. All of these notes are enhanced by a base of black white musk, amber, patchouli, vanilla, sandalwood, rosewood amber, and musk creating an opulent finish with warmth.</p><p>Designed without alcohol, this roll-on attar is a great choice for sweet, floral fragrance lovers who appreciate a musky drydown. A prfect attar for everyday wear, or a special occasion.</p><p><b>What makes 9898 stand out ? </b></p><p>9898 is ideal for anyone who enjoys a sweet, floral fragrance with a deep, musky drydown who doesn't want an alcohol base to irritate their skin.</p><p>Indulge your senses with the luxurious sweetness of 988 Roll-On Attar by Icon Perfumes - rich, floral, and sumptuous.</p>", "new_arrival": false, "exclusive": false, "highlight": false, "best_seller": false, "recommended": false, "is_combo": false, "height": "11.00", "breadth": "2.00", "width": "2.00", "length": "6.00", "weight": "40.00", "slug": "9898-roll-on-attar-6ml-by-icon-perfume", "created_at": "2025-05-15T15:51:52.665", "updated_at": "2025-10-06T15:12:59.767", "category": [1, 3]}}, {"model": "mainapp.product", "pk": 115, "fields": {"title": "Rich Roll On Attar 6ml By Icon Perfume", "series": 6, "description": "<p>Experience the luxe indulgence of Rich Attar from Icon Perfumes. This scent is your invitation to recreate the opulence of a French masion. This luxurious fragrance opens with a clean essence of lavender, bergamot, lemon and petitgrain (orange leaf). The bright, captivating top notes transition to florals of valley, orange blossom & coriander. The warm base of sandalwood, rosewood amber and musk provide fresh sophistication that lingers long after you leave.</p><p>Rich is 100% natural oils with alcohol-free perfumery so it is a perfect option for warm blooded flowers by day during the workweek and sophisticated, functional floral scents on evenings and weekends. And the gentle formulation means you won't have any irritation.</p><p><b>Why Choose Rich ?</b></p><p>Rich is a brilliant choice for those who adore fresh florals with a warm, musky finish and is perfect for any occasion.</p><p>Rich roll on attar by Icon Perfumes - opulent, floral, warm and luxurious.\"</p>", "new_arrival": false, "exclusive": false, "highlight": false, "best_seller": false, "recommended": false, "is_combo": false, "height": "11.00", "breadth": "2.00", "width": "2.00", "length": "6.00", "weight": "40.00", "slug": "rich-roll-on-attar-6ml-by-icon-perfume", "created_at": "2025-05-15T15:51:52.745", "updated_at": "2025-10-06T15:13:15.869", "category": [1, 3]}}, {"model": "mainapp.product", "pk": 116, "fields": {"title": "24 Carat Roll On Attar 6ml By Icon Perfume", "series": 6, "description": "<p>Shine bright with 24 Carat Attar from Icon Perfumes. Start out with a vibrancy of sea water, lavender, mint, green notes, citrus, floral, and rose on top, then a show-stopping heart of sandalwood, neroli, geranium, jasmine, vetiver, ylang-ylang, tuberose, and vetiver! The base of musk, oakmoss, cedar, tobacco, ambergris, woody, pink pepper, frankincense, and everlasting vetiver will leave you with a bold, layered finish.</p><p>Get this alcohol-free roll on attar if you want a unique, powerful, elegant, vivacious scent for a special occasion...or to wear every day. Its natural oils give you a gentle, lasting experience with a fragrant attitude.</p><p><b>Why 24 Carat is for you ?</b></p><p>A radiant option for you're looking for a bold fresh floral fragrance with warm, woody notes! Alcohol free option means that you'll get a sophistication without irritation!</p><p>Shine bright with 24 Carat roll-on attar from Icon Perfumes - Be bold, be elegant, be luxurious!</p>", "new_arrival": false, "exclusive": false, "highlight": false, "best_seller": false, "recommended": false, "is_combo": false, "height": "11.00", "breadth": "2.00", "width": "2.00", "length": "6.00", "weight": "40.00", "slug": "24-carat-roll-on-attar-6ml-by-icon-perfume", "created_at": "2025-05-15T15:51:52.803", "updated_at": "2025-10-06T15:13:32.827", "category": [1, 3]}}, {"model": "mainapp.product", "pk": 117, "fields": {"title": "Neck Roll On Attar 6ml By Icon Perfume", "series": 6, "description": "<p>Enhance your presence with Neck Attar by Icon Perfumes. A vibrant scent that begins with bright citrus and floral notes, moving to a heart of vetiver, ylang-ylang and tuberose all wrapped in a woody base of notes, pink pepper and frankincense for a spicy grounding.</p><p>This alcohol free roll-on attar is a great option for someone looking for a floral scent with a woody end for daily wear, or special occasions. The natural oils lend to a gentle scent experience that lasts.</p><p><b>Why Choose Neck ?</b></p><p>An energetic choice for those who want to explore floral fragrances with a spicer woody component. The alcohol free option allows for comfort and longevity for all day wear.</p><p>Experience the vibrant elegance of Neck roll-on attar by Icon Perfumes! Floral, spicy and distinctive.</p>", "new_arrival": false, "exclusive": false, "highlight": false, "best_seller": false, "recommended": false, "is_combo": false, "height": "11.00", "breadth": "2.00", "width": "2.00", "length": "6.00", "weight": "40.00", "slug": "neck-roll-on-attar-6ml-by-icon-perfume", "created_at": "2025-05-15T15:51:52.870", "updated_at": "2025-10-06T15:13:44.135", "category": [1, 3]}}, {"model": "mainapp.product", "pk": 118, "fields": {"title": "Jumairah Roll On Attar 6ml By Icon Perfume", "series": 6, "description": "<p>Feel the royal charm of Jumairah attar by Icon Perfumes. Expect a majestic beginning with; rose, geranium, davana, orange, bergamot, and rose with a heart of rose, saffron, sandalwood, orchid, jasmine, c.sandalwood, musk, floral notes, amber, cedar, and cashmeran, the base of my rose, jasmine, orchid, clove, saffron, sandal floral, musk, amber, sandalwood, cedar, and cashmere wood provides fabulous rich luxury.</p><p>100% alcohol-free natural oils make this attar the perfect daily use or special occasion floral and woody fragrance; gentle formulation with long lasting projection, without irritating the skin.</p><p><b>Why Choose Jumairah ?</b></p><p>A royal choice for those who like rich floral fragrances, and deep woody bases. Alcohol free means you can be elegant while being safe for your skin.</p><p>Experience the majestic charm of Jumairah roll-on attar by Icon Perfumes - floral, rich and luxurious.</p>", "new_arrival": false, "exclusive": false, "highlight": false, "best_seller": false, "recommended": false, "is_combo": false, "height": "11.00", "breadth": "2.00", "width": "2.00", "length": "6.00", "weight": "40.00", "slug": "jumairah-roll-on-attar-6ml-by-icon-perfume", "created_at": "2025-05-15T15:51:52.917", "updated_at": "2025-10-06T15:13:57.274", "category": [1, 3]}}, {"model": "mainapp.product", "pk": 119, "fields": {"title": "Feeling Roll On Attar 6ml By Icon Perfume", "series": 6, "description": "<p>Awaken your senses with Feeling Attar by Icon Perfumes. An uplifting fragrance that begins with rose, geranium, davana blossoms, bergamot, and red rose before transitioning to a floral heart of rose, jasmine, orchid, clove, saffron, sandalwood, and multiple floral notes. A warm base of amber, sandalwood, cedar, and cashmeran provides a comforting finish.</p><p>This alcohol-free Roll-on Attar is designed for daily wear as it embodies a floral and woody fragrance that encourages happiness. The natural oils are gentle on the skin and create a beautiful, long-lasting fragrance experience.</p><p><b>Why Choose Feeling ?</b></p><p>Feeling is an excellent choice for anyone who enjoys floral & woody fragrances while having a warm & comforting base. Alcohol-free gives you the confidence to wear these fragrances comfortably, and for all-day wear.</p><p>Experience joyful charm in Feeling roll-on attar by Icon perfumes. Floral, warm, and uplifting.</p>", "new_arrival": false, "exclusive": false, "highlight": false, "best_seller": false, "recommended": false, "is_combo": false, "height": "11.00", "breadth": "2.00", "width": "2.00", "length": "6.00", "weight": "40.00", "slug": "feeling-roll-on-attar-6ml-by-icon-perfume", "created_at": "2025-05-15T15:51:52.966", "updated_at": "2025-10-06T15:14:53.777", "category": [1, 3]}}, {"model": "mainapp.product", "pk": 120, "fields": {"title": "Safari Roll On Attar 6ml By Icon Perfume", "series": 6, "description": "<p>A truly exotic journey awaits you with Safari Attar by Icon Perfumes. It opens with red roses, a splash of sandalwood, and mint, which is then followed by a heart of vanilla and caramel, and enriched with the long lasting, opulent depth of agarwood and saffron in the base.</p><p>Perfect for someone looking for a fragrance without alcohol, made from 100% natural oils with a bold, exotic scent, and for special occasions or everyday wear. The gentle formula will be long lasting and not irritating.</p><p><b>Why Choose Safari ?</b></p><p>This is a bold choice for someone who adores exotic, woody fragrances, with a touch of sweetness from flowers. An alcohol-free formula allows for lasting sophistication without irritation.</p><p>Enjoy the exotic appeal of Safari roll-on attar by Icon Perfumes—it is rigorously adventurous, rich and entrancing.</p>", "new_arrival": false, "exclusive": false, "highlight": false, "best_seller": false, "recommended": false, "is_combo": false, "height": "11.00", "breadth": "2.00", "width": "2.00", "length": "6.00", "weight": "40.00", "slug": "safari-roll-on-attar-6ml-by-icon-perfume", "created_at": "2025-05-15T15:51:53.028", "updated_at": "2025-10-06T15:15:09.006", "category": [1, 3]}}, {"model": "mainapp.product", "pk": 121, "fields": {"title": "Deep Black Roll On Attar 6ml By Icon Perfume", "series": 6, "description": "<p>Pop on a ride into the dark depths of Deep Black Attar by Icon Perfumes. The fragrance starts off intense, opening with lavender, lemon, and orange, developing into a heart of warm spice and finishing off with a rich, woody base of agarwood and saffron.</p><p>The alcohol-free roll-on attar allows you to wear this rich, spicy fragrance for the evening or for a special occasion, without worrying about an itchy neck. The all-natural oils give you a smooth scent experience and great longevity.</p><p><b>Why use Deep Black ?</b></p><p>A unique choice for the wearer who loves fragrances that are intense and spicy, with a long-lasting and woody base. The alcohol-free component makes Deep Black suitable for elegant wear, without the risk of irritation.</p><p>Discover the mysterious journey of Deep Black roll-on attar by Icon Perfumes—spicy, bold, and engaging.</p>", "new_arrival": false, "exclusive": false, "highlight": false, "best_seller": false, "recommended": false, "is_combo": false, "height": "11.00", "breadth": "2.00", "width": "2.00", "length": "6.00", "weight": "40.00", "slug": "deep-black-roll-on-attar-6ml-by-icon-perfume", "created_at": "2025-05-15T15:51:53.087", "updated_at": "2025-10-06T15:15:50.213", "category": [1, 3]}}, {"model": "mainapp.product", "pk": 122, "fields": {"title": "Oudh Sums Roll On Attar 6ml By Icon Perfume", "series": 6, "description": "<p>Drench yourself in the luxurious scent of Oudh Sums Attar created by Icon Perfumes. This luxurious fragrance opens with rose, saffron and pimento, followed by agarwood (oud), caramel, floral notes, patchouli, amber, woody notes, and musk for the heart, followed by oud, amber and musk in the base of the fragrance.</p><p>This high-quality attar made from natural oils with 100% alcohol-free oil so it provides a beautiful traditional scent without being harsh for formal occasions or for everyday use. This roll-on attar is gentle for sensitive skin and lasts a long time!</p><p><b>Why Choose Oudh Sums ?</b></p><p>Luxurious for people who love deep oud-put floral and musky. Alcohol-free sophistication without irritation!</p><p>Experience the opulent scent of Oudh Sums roll-on attar by Icon Perfumes - rich, traditional, and handsome scent.</p>", "new_arrival": false, "exclusive": false, "highlight": false, "best_seller": false, "recommended": false, "is_combo": false, "height": "11.00", "breadth": "2.00", "width": "2.00", "length": "6.00", "weight": "40.00", "slug": "oudh-sums-roll-on-attar-6ml-by-icon-perfume", "created_at": "2025-05-15T15:51:53.144", "updated_at": "2025-10-06T15:31:56.481", "category": [1, 3]}}, {"model": "mainapp.product", "pk": 123, "fields": {"title": "Figo Roll On Attar 6ml By Icon Perfume", "series": 6, "description": "<p>Discover your boldness with returning the Figo Attar by Icon Perfumes. Created by Icon Perfumes, this dynamic perfumer begins with spicy saffron, zesty lemon, fresh bergamot, small lemon, and lavender, before shifting to a heart of sage and thyme, warm rose, earthy patchouli, amber, and patchouli, to the base of deep oud, rich amber, and smooth musk.</p><p>This alcohol-free roll-on attar is great for anyone that wants a bold, spicy fragrance for everyday use or special events. With the natural oils, Figo Attar provides a gentle long-lasting fragrant experience.</p><p><b>Why Choose Figo ?</b></p><p>Figo is a bold choice for people who love spicy wood fragrances that have a deep musk layer at the base. Like all fragrances, the alcohol-free format is ideal because you don't have to worry about causing irritation or drying out your skin.</p><p>Embrace your boldness with Figo roll-on attar by Icon Perfumes - spicy, rich, and powerful.</p>", "new_arrival": false, "exclusive": false, "highlight": false, "best_seller": false, "recommended": false, "is_combo": false, "height": "11.00", "breadth": "2.00", "width": "2.00", "length": "6.00", "weight": "40.00", "slug": "figo-roll-on-attar-6ml-by-icon-perfume", "created_at": "2025-05-15T15:51:53.193", "updated_at": "2025-10-06T15:21:55.557", "category": [1, 3]}}, {"model": "mainapp.product", "pk": 124, "fields": {"title": "Open Roll On Attar 6ml By Icon Perfume", "series": 6, "description": "<p>Step into sophistication with Icon Open Attar by Icon Perfumes. This elegant perfume opens with bright lemon and lavender and offers a floral jasmine and rose heart with warm notes of tobacco, patchouli, and vetiver in the base.</p><p>Icon Open Attar is 100% natural, alcohol-free, is a well-balanced, floral perfume cologne with warm, tobacco, patchouli, and vetiver notes for casual or formal use. With a gentle formula, Icon Open Attar gives you a long wear without the chance of irritation.</p><p><b>Why Choose Icon Open ?</b></p><p>An elegant option if you like floral notes with a smoky, woody aspect. The alcohol-free formula gives you elegance without irritation.</p><p>Experience the elegant nature of Icon Open roll-on attar by Icon Perfumes - floral, smoky and sophisticated.</p>", "new_arrival": false, "exclusive": false, "highlight": false, "best_seller": false, "recommended": false, "is_combo": false, "height": "11.00", "breadth": "2.00", "width": "2.00", "length": "6.00", "weight": "40.00", "slug": "open-roll-on-attar-6ml-by-icon-perfume", "created_at": "2025-05-15T15:51:53.242", "updated_at": "2025-10-06T15:22:08.134", "category": [1, 3]}}, {"model": "mainapp.product", "pk": 125, "fields": {"title": "Signature Roll On Attar 6ml By Icon Perfume", "series": 6, "description": "<p>Signature Attar by Icon Perfumes will make sure you leave a mark in the scent world. This engaging fragrance opens with cardamom, violet, lemongrass, sage, bergamot, black currant, apple, pink, pineapple, patchouli, and Moroccan jasmine. Then a heart of virginian cedar and Indonesian patchouli leaf come through before transitioning to a magnetic base of crystal amber, musk, atlas cedar, birch, oak moss, and amboxan.</p><p>This alcohol-free roll-on attar is for anyone who loves a dynamic woody scent as a daily wear or occasion scent that are buildable. Because its natural oils your scent will stay gentle a long time and smell great!</p><p><b>Why Choose Signature ?</b></p><p>Because it's a brave choice for a woody scent lover with fruity top notes. And without alcohol your scent will stick around longer giving you confidence without irritation.</p><p>Leave a mark with Signature roll-on attar by Icon Perfumes. A bold, woody scent that is eternal.</p>", "new_arrival": false, "exclusive": false, "highlight": false, "best_seller": false, "recommended": false, "is_combo": false, "height": "11.00", "breadth": "2.00", "width": "2.00", "length": "6.00", "weight": "40.00", "slug": "signature-roll-on-attar-6ml-by-icon-perfume", "created_at": "2025-05-15T15:51:53.295", "updated_at": "2025-10-06T15:22:22.644", "category": [1, 3]}}, {"model": "mainapp.product", "pk": 126, "fields": {"title": "Reed Roll On Attar 6ml By Icon Perfume", "series": 6, "description": "<p>Delight in the exotic fantasy of Reed Attar by Icon Perfumes. This fragrance opens with bergamot, black current, apple, lemon, and pink; the heart is pineapple, patchouli, Moroccan jasmine, and rose; and the base is amber, patchouli leaf, and amber.</p><p>Reed roll-on attar is made with 100% alcohol-free natural oils, and is an excellent choice if you would like something fruity, floral with a warm base to wear every day. Its a gentle formula that means you can apply it generously for fragrance without skin irritation.</p><p><b>Reasons to buy Reed :</b></p><p>Perfect choice if you are looking for fruity, floral scents with warm, amber base. All natural, alcohol-free formula means that this can be worn, on a daily basis and it will not irritate your skin.</p><p>Icon Perfumes Reed, roll-on attar, exotic charm (fruity, floral and warm).</p>", "new_arrival": false, "exclusive": false, "highlight": false, "best_seller": false, "recommended": false, "is_combo": false, "height": "11.00", "breadth": "2.00", "width": "2.00", "length": "6.00", "weight": "40.00", "slug": "reed-roll-on-attar-6ml-by-icon-perfume", "created_at": "2025-05-15T15:51:53.355", "updated_at": "2025-10-06T15:23:45.472", "category": [1, 3]}}, {"model": "mainapp.product", "pk": 127, "fields": {"title": "Amir Roll On Attar 6ml By Icon Perfume", "series": 6, "description": "<p>Embrace refinement with Amir Attar from Icon Perfumes. This fragrance opens with rose and saffron, at its heart sandalwood and a bit of spice, and finishes with a warm base of amber and woods.</p><p>This alcohol-free roll-on is suitable for anyone looking for a classic floral scent with a woody base, for casual or formal occasions. The attar is based on natural oils, gentle on the skin, and long-lasting.</p><p><b>Why Choose Amir ?</b></p><p>If you want a classic floral scent with woody notes and a warm amber finish, Amir is a nail!</p><p>It is an alcohol-free fragrance with no skin irritation, and it will definitely leave you with elegance that continues throughout the day!</p><p>Discover the refined elegance of Amir roll-on attars from Icon Perfumes, floral, warm and timeless.</p>", "new_arrival": false, "exclusive": false, "highlight": false, "best_seller": false, "recommended": false, "is_combo": false, "height": "11.00", "breadth": "2.00", "width": "2.00", "length": "6.00", "weight": "40.00", "slug": "amir-roll-on-attar-6ml-by-icon-perfume", "created_at": "2025-05-15T15:51:53.414", "updated_at": "2025-10-06T15:24:12.597", "category": [1, 3]}}, {"model": "mainapp.product", "pk": 128, "fields": {"title": "Silent Roll On Attar 6ml By Icon Perfume", "series": 6, "description": "<p>Experience peace with Silent Attar by Icon Perfumes. It is a calming experience that starts with green mandarin and transitions to a heart of coconut nectar and valley. Silent Attar settles with a warm base of amber and woody notes.</p><p>This attar is made of 100% alcohol-free natural oils and is ideal for daily use, giving you a light, tropical fragrance to help you unwind. If you enjoy fruity scents with a warm base, then this is a great choice for you.</p><p><b>Why Choose Silent ? </b></p><p>Silent is a soothing option for anyone who enjoys fruity, light scents with a warm and woody finish. An alcohol-free formula is always going to be a comfortable choice to use extensively throughout the day.</p><p>Find peace today with Silent roll-on attar by Icon Perfumes - calm, tropical, and warm.</p>", "new_arrival": false, "exclusive": false, "highlight": false, "best_seller": false, "recommended": false, "is_combo": false, "height": "11.00", "breadth": "2.00", "width": "2.00", "length": "6.00", "weight": "40.00", "slug": "silent-roll-on-attar-6ml-by-icon-perfume", "created_at": "2025-05-15T15:51:53.478", "updated_at": "2025-10-06T15:26:17.263", "category": [1, 3]}}, {"model": "mainapp.product", "pk": 129, "fields": {"title": "Rose Saffron Roll On Attar 6ml By Icon Perfume", "series": 7, "description": "<p>Rose Saffron Attar from Icon Perfumes celebrates the timeless elegance. A luxurious fragrance that opens with spicy saffron and herbal notes then transitions to a heart of sandalwood, fir, and vanilla. The base of sandalwood and dry woods create a subtle smooth woody finish.</p><p>This roll-on attar is free from alcohol for all of the customers that want a classic floral scent with a subtle spicy woody base and wear to a casual afternoon or an elegant evening. The natural oils provide much more fragrance on the skin and a gentle long-lasting experience.</p><p><b>Why choose Rose Saffron ?</b></p><p>The classic choice for customers who love floral fragrances with a spicy woody base. You will smell great and appreciate it without any irritation that an alcohol-based fragrance product will sometimes create.</p><p>Enjoy the timeless charm of Rose Saffron roll-on attar fragrance from Icon Perfumes. Floral, spicy, and elegant!</p>", "new_arrival": false, "exclusive": false, "highlight": false, "best_seller": false, "recommended": false, "is_combo": false, "height": "11.00", "breadth": "2.00", "width": "2.00", "length": "6.00", "weight": "40.00", "slug": "rose-saffron-roll-on-attar-6ml-by-icon-perfume", "created_at": "2025-05-15T15:51:53.546", "updated_at": "2025-10-06T15:26:30.597", "category": [1, 3]}}, {"model": "mainapp.product", "pk": 130, "fields": {"title": "Suzan Roll On Attar 6ml By Icon Perfume", "series": 7, "description": "<p>Experience floral delicateness with Suzan Attar by Icon Perfumes. This beautifully delicate fragrance opens with zest and herbaceous freshness followed by a heart of jasmine (dominant), rose, moss, and a base of amber, oud, and musk. A lovely base lasting warm scent.</p><p>This attar is made from 100% alcohol-free natural oils, making it ideal for going out on the daily, producing a floral, musky scent for all occasions. The gentle fragrance means it's perfect for daily wear without irritation.</p><p><b>Why Choose Suzan ?</b></p><p>A lovely choice for those who love floral and musky fragrances as a foundation with a warm oud base. The alcohol free formula makes it a comfortable wear for all occasions, and for everyday use, and a particularly note worth fragrance.</p><p>Suzan roll-on attar by Icon Perfumes is delicate elegance—floral, warm, and timeless.</p>", "new_arrival": false, "exclusive": false, "highlight": false, "best_seller": false, "recommended": false, "is_combo": false, "height": "11.00", "breadth": "2.00", "width": "2.00", "length": "6.00", "weight": "40.00", "slug": "suzan-roll-on-attar-6ml-by-icon-perfume", "created_at": "2025-05-15T15:51:53.634", "updated_at": "2025-10-06T15:27:47.437", "category": [1, 3]}}, {"model": "mainapp.product", "pk": 131, "fields": {"title": "Musk Safi Roll On Attar 6ml By Icon Perfume", "series": 7, "description": "<p>Letting you experience Musk Safi Attar by Icon Perfumes is a great pleasure. The clean fragrance has top notes of rose of the valley, middle notes of white musk, and a base of sandalwood and amber.</p><p>Musk Safi is an alcohol-free roll-on attar and is ideal for daily wear, ritual, or spiritual work. The natural oils used in the attar provide an outstanding musk experience, with gentle, lasting notes of fragrance.</p><p><b>Why Choose Musk Safi ?</b></p><p>A pure option for daily wear for those who prefer fresh, clean musky fragrances with a warm floral accent. It is always a bonus when it is also alcohol-free—not only will your skin feel comfortable, you will be fragrance-free by not applying alcohol that may increase sensitivity or irritation.</p><p>Musk Safi roll-on attar by Icon Perfumes is the choice to experience serenity as the charm of Musk worn daily is pleasant and clean, and of course, musky.</p>", "new_arrival": false, "exclusive": false, "highlight": false, "best_seller": false, "recommended": false, "is_combo": false, "height": "11.00", "breadth": "2.00", "width": "2.00", "length": "6.00", "weight": "40.00", "slug": "musk-safi-roll-on-attar-6ml-by-icon-perfume", "created_at": "2025-05-15T15:51:53.705", "updated_at": "2025-10-06T15:27:59.025", "category": [1, 3]}}, {"model": "mainapp.product", "pk": 132, "fields": {"title": "Mukhallat Roll On Attar 6ml By Icon Perfume", "series": 7, "description": "<p>**Mukhallat Roll-On Attar 6ML by Icon Perfumes</p><p>**Discover the wonderful and exotic blend of Mukhallat Attar by Icon Perfumes. This wonderful fragrance starts with woody and floral notes, moving into a soft heart of musk and hints of powdery notes, and finishing with a smooth, warm sandalwood and amber base note.</p><p>Mukhallat is made with 100% natural oils with no alcohol, perfect if you are looking for an alcohol-free, natural, traditional, and luxurious fragrance to wear for formal occasions or every day. Because Mukhallat is alcohol-free, you are guaranteed a long wear for your fragrance that will not irritate your skin.</p><p><b>Why use Mukhallat ?</b></p><p>If you are like me and prefer deeper woody fragrances with powder notes and a touch of musk, Mukhallat is a luxurious option to cater to your fragrance needs. Alcohol-free means you can wear it as often as needed with the sophistication you desire without any irritation.</p><p>Treat yourself with a wonderful fragrance by using Mukhallat roll-on attar by Icon Perfumes a rich, traditional, and exotic blend.</p>", "new_arrival": false, "exclusive": false, "highlight": false, "best_seller": false, "recommended": false, "is_combo": false, "height": "11.00", "breadth": "2.00", "width": "2.00", "length": "6.00", "weight": "40.00", "slug": "mukhallat-roll-on-attar-6ml-by-icon-perfume", "created_at": "2025-05-15T15:51:53.780", "updated_at": "2025-10-06T15:28:18.305", "category": [1, 3]}}, {"model": "mainapp.product", "pk": 133, "fields": {"title": "Majmua Roll On Attar 6ml By Icon Perfume", "series": 7, "description": "<p>Explore the vibrant essence of your dynamic self, with Majmua Attar by Icon Perfumes. This effervescent fragrance opens with fresh, citrus, green, spicy, artemisia, lemon, orange and rose notes, followed by a heart of floral notes, rose and saffron, and base notes of amber, musk and woody notes.</p><p>This alcohol-free roll-on attar is ideal for the fresh spicy aroma lover that wants to wear a floral and woody base attar on a daily basis or for those occasions that demand something a little extra special. The natural oils in Majmua allow for a soft yet lasting fragrance experience.</p><p><b>Reasons to select Majmua :</b></p><p>Majmua is ideal for customers who love to wear a floral and woody base attar with fresh spicy features, Majmua's alcohol-free fragrance will give consumers peace of mind for a long lasting scent with irritability at zero!</p><p>Discover the uplifting vibrant charm of Majmua roll-on attar by Icon Perfumes - fresh, spicy and dynamic.\"</p>", "new_arrival": false, "exclusive": false, "highlight": false, "best_seller": false, "recommended": true, "is_combo": false, "height": "11.00", "breadth": "2.00", "width": "2.00", "length": "6.00", "weight": "40.00", "slug": "majmua-roll-on-attar-6ml-by-icon-perfume", "created_at": "2025-05-15T15:51:53.834", "updated_at": "2025-10-06T15:28:58.374", "category": [1, 3]}}, {"model": "mainapp.product", "pk": 134, "fields": {"title": "White Oudh Roll On Attar 6ml By Icon Perfume", "series": 7, "description": "<p>Luxuriate in the richness of White Oudh Attar by Icon Perfumes. This fragrance opens with citrus, greens and spices, then settles in the heart with freesia, patchouli and blackcurrant. The base of amber, musk and agarwood and woody notes finish it off with richness of depth, whilst feeling opulent.</p><p>Made with 100% alcohol free natural oils, this the ideal alcohol free, luxurious woody scent, for formal occasions, or daily opulence! Gentle formulation is excellent for all, and will last all day.</p><p><b>Why Buy White Oudh ?</b></p><p>This is an opulent choice for those who love a spicy, woody fragrance, with a touch of fresh floral notes. With alcohol free formula it will remain sophisticated and for long periods without irritation.</p><p>Indulgently exquisitely elegant, a wonderfully rich woody and luxurious roll-on attar.</p>", "new_arrival": false, "exclusive": false, "highlight": false, "best_seller": true, "recommended": false, "is_combo": false, "height": "11.00", "breadth": "2.00", "width": "2.00", "length": "6.00", "weight": "40.00", "slug": "white-oudh-roll-on-attar-6ml-by-icon-perfume", "created_at": "2025-05-15T15:51:53.900", "updated_at": "2025-10-06T15:29:10.772", "category": [1, 3]}}, {"model": "mainapp.product", "pk": 135, "fields": {"title": "9 Pm Roll On Attar 5ml By Icon Perfume", "series": 8, "description": "<p>Discover the night magic of 9 PM Attar by Icon Perfumes, a truly captivating fragrance to unveil this evening! The top notes of bright bergamot and apple lead to a heart of cinnamon and orange blossom. It is completed to a base of sweet vanilla and tonka bean that lingers beautifully.</p><p>The attar is made with natural oils that are 100% alcohol free and is perfect for evening time or romantic occasions. An attar acts as a warm and inviting fragrance that lasts. The delicate formula will still create fragrance that lasts while being irritating.</p><p><b>Why choose the 9 PM ?</b></p><p>A romantic scent for people who enjoy warm, sweet fragrances that leave a hint of spicy floral. Alcohol free gives long lasting elegance yet no irritation.</p><p>Fall in love with the evening as you embrace the warm, sweet fragrances of the 9 PM roll-on attar by Icon Perfumes.</p>", "new_arrival": false, "exclusive": false, "highlight": false, "best_seller": false, "recommended": false, "is_combo": false, "height": "10.50", "breadth": "3.00", "width": "3.00", "length": "5.00", "weight": "60.00", "slug": "9-pm-roll-on-attar-5ml-by-icon-perfume", "created_at": "2025-05-15T15:51:54.012", "updated_at": "2025-10-06T15:29:28.093", "category": [1, 2]}}, {"model": "mainapp.product", "pk": 136, "fields": {"title": "Oudh Vanilla Roll On Attar 5ml By Icon Perfume", "series": 8, "description": "<p>Experience the luxurious warmth of Oudh Vanilla Attar by Icon Perfumes. Oudh Vanilla opens gracefully with bergamot, apple, rose, saffron and pimento. The heart composition is cinnamon and orange blossom. The base of the fragrance is rich and creamy with vanilla, tonka bean, agarwood (oud), caramel, various floral notes, patchouli, amber, wood notes and musk.</p><p>This attar is created with 100% alcohol free natural oils, so it is great for the skin and suitable for anyone in search of a luxurious scent for special occasions, or just for everyday wear. The lasting scent of oud is combined with sweet notes of vanilla, definitely a scent that is hard to forget.</p><p><b>Why to Choose Oudh Vanilla ?</b></p><p>This is suited for those who love the luxuriousness of oud with the sweetness of creamy notes. Some may think the price is steep, but remember, it is pure oil and alcohol free, and will not irritate the skin. Oudh Vanilla is a great choice for evening formal wear, or other formal events.</p><p>Oudh vanilla roll-on attar by Icon Perfumes is warmth, sweetness and traditions.</p>", "new_arrival": false, "exclusive": false, "highlight": false, "best_seller": false, "recommended": true, "is_combo": false, "height": "10.50", "breadth": "3.00", "width": "3.00", "length": "5.00", "weight": "60.00", "slug": "oudh-vanilla-roll-on-attar-5ml-by-icon-perfume", "created_at": "2025-05-15T15:51:54.117", "updated_at": "2025-10-06T15:29:38.380", "category": [1, 2]}}, {"model": "mainapp.product", "pk": 137, "fields": {"title": "Haya Roll On Attar 5ml By Icon Perfume", "series": 8, "description": "<p>Bring on the Rejuvenating Elegance of Haya attar by Icon Perfumes. A refreshing perfume oil that opens with fresh mint and citrus, leading into a heart of white florals and herbal notes, and finishing with a sandalwood, earthy musk and amber base.</p><p>As an alcohol-free roll-on attar this convenient fragrance is perfect for daily wear, giving you the freshest and cleanest scent for as long as you wear it. Ideal for those that enjoy a little of both worlds when it comes to fresh notes, and warm sensual ones.</p><p><b>Why Choose Haya ?</b></p><p>A great choice for anyone who enjoys fresh floral fragrances with a warm and musky base. The alcohol-free formula ensures for skin safety, while also ensuring that it performs to last for everyday.</p><p>Experience the uplifting charm of Haya roll-on attar by Icon Perfumes. Fresh, Elegant, and Timeless.</p>", "new_arrival": false, "exclusive": false, "highlight": false, "best_seller": false, "recommended": false, "is_combo": false, "height": "10.50", "breadth": "3.00", "width": "3.00", "length": "5.00", "weight": "60.00", "slug": "haya-roll-on-attar-5ml-by-icon-perfume", "created_at": "2025-05-15T15:51:54.215", "updated_at": "2025-09-23T15:49:17.296", "category": [1, 2]}}, {"model": "mainapp.product", "pk": 138, "fields": {"title": "Yara Roll On Attar 5ml By Icon Perfume", "series": 8, "description": "<p>Experience the essence of sweet sophistication with Yara Attar by Icon Perfumes. Yara opens sweetly with green rose, saffron, and pimento. In the heart are notes of agarwood (oud), caramel, and florals. The base consists of patchouli resins, amber, woods, and musk.</p><p>This roll-on attar is alcohol-free and is for you if you crave that sweet, woody scent that can transition seamlessly from day to night, and the best part is that it is a very gentle formula that won't irritate.</p><p><b>Why You Should Choose Yara Attar ?</b></p><p>Ideal for lovers of sweet floral fragrances with rich oud and woody base notes, Yara Attar rolls on smooth and alcohol-free, creating a sensuous blend for people with sensitive skin and a fragrance solution for all-day wear.</p><p>Yara roll-on attar by Icon Perfumes is a sweetly elegant scent that pleases and embraces.</p>", "new_arrival": false, "exclusive": false, "highlight": false, "best_seller": false, "recommended": false, "is_combo": false, "height": "10.50", "breadth": "3.00", "width": "3.00", "length": "5.00", "weight": "60.00", "slug": "yara-roll-on-attar-5ml-by-icon-perfume", "created_at": "2025-05-15T15:51:54.276", "updated_at": "2025-09-23T16:01:24.151", "category": [1, 2]}}, {"model": "mainapp.product", "pk": 139, "fields": {"title": "Sanaya Roll On Attar 5ml By Icon Perfume", "series": 8, "description": "<p>Experience floral elegance with Sanaya Attar by Icon Perfumes. This captivating fragrance begins with sweet green rose, saffron, and pimento. The heart is of agarwood (oud), caramel, and floral notes. The lasting base is a warm comforting patchouli resins, amber, woody notes, and musk.</p><p>This is an all-natural alcohol-free attar that is a great choice if you want a romantic sophisticated scent to wear day after day with equal elegance for everyday wear or a special occasion. The positioning of the fragrance in the natural oils allows for a gentle, and wonderful fragrance experience that lasts!</p><p><b>Why Choose Sanaya ?</b></p><p>A lovely choice for fans of floral notes with heavy woody undertone. Alcohol-free fragrance choices provide comfort and utility as you go through your day.</p><p>Utilize the romantic aspect of Sanaya roll-on attar from Icon Perfumes where sweetness meets sophistication.</p>", "new_arrival": false, "exclusive": false, "highlight": false, "best_seller": false, "recommended": false, "is_combo": false, "height": "10.50", "breadth": "3.00", "width": "3.00", "length": "5.00", "weight": "60.00", "slug": "sanaya-roll-on-attar-5ml-by-icon-perfume", "created_at": "2025-05-15T15:51:54.346", "updated_at": "2025-08-13T15:58:55.740", "category": [1, 2]}}, {"model": "mainapp.product", "pk": 140, "fields": {"title": "Rawdha Roll On Attar 5ml By Icon Perfume", "series": 8, "description": "<p>Experience the exotic essence of Rawdha Attar by Icon Perfumes! The aroma starts with an accord of rose and oud, moving into a heart of dry woods and patchouli, and finally settling in with a base with noteworth lengths of black musk accord, sandalwood, leather, and vetiver.</p><p>Rawdha is made strictly from natural oils, 100% alcohol-free, and is a great fit for you if you love deep woody aromas with a hint of florals. Suited for evening out or special occasions, Rawdha Attar roll-on will certainly leave a sense of a deep, earthy presence.</p><p><b>Top reasons Rawdha as your pick :</b></p><p>Perfect for those who appreciate a strong woody scent with a floral and leathery scent profile. Does not have alcohol, this adds to skin scent appeal and longevity, and irritation free scent.</p><p>Experience the exotic charm of Rawdha roll-on attar by Icon Perfumes, a scent made with boldness, elegance, and without distractions.</p>", "new_arrival": false, "exclusive": false, "highlight": false, "best_seller": false, "recommended": false, "is_combo": false, "height": "10.50", "breadth": "3.00", "width": "3.00", "length": "5.00", "weight": "60.00", "slug": "rawdha-roll-on-attar-5ml-by-icon-perfume", "created_at": "2025-05-15T15:51:54.435", "updated_at": "2025-08-13T15:58:55.737", "category": [1, 2]}}, {"model": "mainapp.product", "pk": 141, "fields": {"title": "Khamrah Roll On Attar 5ml By Icon Perfume", "series": 8, "description": "<p>Enjoy the enticing warmth of Khamrah Attar by Icon Perfumes. On opening, the all-star fragrance comes forth: spicy bergamot, cinnamon, nutmeg, and tangerine with sweet heliotrope and orchid. Succumbing to an opulent center with dried dates, praline, tuberose, and mahonial. The base of vanilla, tonka bean, amberwood, myrrh, benzoin, and akigalawood conveys a creamy quality of luxury.</p><p>Our alcohol-free roll-on attar is a great option for people who want a decadent, warmer scent to wear for evening events or festive occasions. The natural oils lend themselves to a longer-lasting, gentler wearing experience.</p><p><b>Why Choose Khamrah ?</b></p><p>It has a decadent warm fragrance profile that is spicy with sweet creamy undertones. Alcohol-free which protects skin and maintains elegance without irritating fragrance experience.</p><p>Let yourself surrender to the luxurious warmth of Khamrah roll on attar by Icon Perfumes a fragrance that exudes luxury.</p>", "new_arrival": false, "exclusive": false, "highlight": false, "best_seller": true, "recommended": false, "is_combo": false, "height": "10.50", "breadth": "3.00", "width": "3.00", "length": "5.00", "weight": "60.00", "slug": "khamrah-roll-on-attar-5ml-by-icon-perfume", "created_at": "2025-05-15T15:51:54.513", "updated_at": "2025-10-06T16:26:25.726", "category": [1, 2]}}, {"model": "mainapp.product", "pk": 142, "fields": {"title": "Hania Roll On Attar 5ml By Icon Perfume", "series": 8, "description": "<p>Enjoy the sweet and fruity essence of Hania Attar by Icon Perfumes. This charming scent opens with notes of tangerine and bergamot, moving into a fruity middle of wild red berries, then finish off with a base of honey, vanilla, musk and sandalwood.</p><p>The roll-on attar is alcohol free, making it perfect for everyday wear. Comfortable and long-lasting fruity-floral with a warm, comforting base note. Great for those who enjoy fruity-floral scents with a warm base.</p><p><b>Reasons to Choose Hania :</b></p><p>A nice sweet, fruity fragrance that is great for someone who enjoys lots of warmth in their fragrances with a sweet ending. Alcohol free, comfortable and long lasting, good for everyday use.</p><p>Enjoy the sweet beauty of the Hania roll-on attar by Icon Perfumes, bright, warm and inviting.</p>", "new_arrival": false, "exclusive": false, "highlight": false, "best_seller": false, "recommended": false, "is_combo": false, "height": "10.50", "breadth": "3.00", "width": "3.00", "length": "5.00", "weight": "60.00", "slug": "hania-roll-on-attar-5ml-by-icon-perfume", "created_at": "2025-05-15T15:51:54.572", "updated_at": "2025-09-23T15:54:59.541", "category": [1, 2]}}, {"model": "mainapp.product", "pk": 143, "fields": {"title": "Zara Roll On Attar 5ml By Icon Perfume", "series": 8, "description": "<p>Unlock the playful spirit with Zara Attar by Icon Perfumes. The happy fragrance opens with tangerine and bergamot, moves to the fruity heart of red berries and other fruity notes, and settles on the nice warm honey, vanilla musk, and sandalwood sweet base notes leaving a powerful lasting impression.</p><p>The roll-on attar is alcohol free and made for someone looking for a fresh uplifting fruity scent with a comforting base, that you can wear while chilling in the house, or going out for a fun day. The gentle formula allows for extended wear without the risk of irritation.</p><p><b>Why Choose Zara?</b></p><p>For someone looking for fruity fragrance, with sweet warm base notes. Plus it is alcohol free, which is great for day to day use and those with sensitivities.</p><p>Enjoy the playful vibrance of Zara roll-on attar by Icon Perfumes, it is fresh, sweet and so delightful..</p>", "new_arrival": false, "exclusive": false, "highlight": false, "best_seller": false, "recommended": false, "is_combo": false, "height": "10.50", "breadth": "3.00", "width": "3.00", "length": "5.00", "weight": "60.00", "slug": "zara-roll-on-attar-5ml-by-icon-perfume", "created_at": "2025-05-15T15:51:54.637", "updated_at": "2025-10-06T16:27:10.661", "category": [1, 2]}}, {"model": "mainapp.product", "pk": 144, "fields": {"title": "Swiss Firdaus Roll On Attar 5ml By Icon Perfume", "series": 8, "description": "<p>Embark on a floral journey with Swiss Firdaus Attar by Icon Perfumes! This fragrance opens with a foam of aldehydes, basil, and bergamot, followed by a heart of clove, geranium, iris, and jasmine and finally a base of amber, chypre-like musk, and wood.</p><p>Purely made with natural oils with no alcohol added makes this attar ideal for fans of complex, floral fragrances that dry down to a woody, musky base scent. Perfect for everyday or more formal, special occasions.</p><p><b>Why Choose Swiss Firdaus ?</b></p><p>Ideal for anyone that loves deeper, floral, fragrances that finish with this musk. There is no alcohol in our products since you are applying a natural oil; there is no irritation.</p><p>Experience the divine floral, rich and mesmerizing Swiss Firdaus Roll-On Attar by Icon Perfumes.</p>", "new_arrival": false, "exclusive": false, "highlight": false, "best_seller": true, "recommended": false, "is_combo": false, "height": "10.50", "breadth": "3.00", "width": "3.00", "length": "5.00", "weight": "60.00", "slug": "swiss-firdaus-roll-on-attar-5ml-by-icon-perfume", "created_at": "2025-05-15T15:51:54.704", "updated_at": "2025-10-06T16:30:38.396", "category": [1, 2]}}, {"model": "mainapp.product", "pk": 145, "fields": {"title": "Magical Sky Roll On Attar 5ml By Icon Perfume", "series": 8, "description": "<p>Experience the marvels of all that exists with Magical Sky Attar by Icon Perfumes. This celestial fragrance has saffron, jasmine and aldehydes at its top notes, with amberwood and ambergris in its mid notes. The fir resin, cedar and almost chypre-like musk base provides a woody and grounding depth.</p><p>This roll-on attar is alcohol-free, and ideal for those searching for a beautiful mystical and uplifting scent to wear daily or for special occasions. The blended natural oils allow a soothing and long lasting fragrance experience.</p><p><b>Why Choose Magical Sky ?</b></p><p>Magical Sky is made for all the mystical and woody aficionados that favor a floral or amber twist, offering skin compatible and long-lasting results.</p><p>Experience the magical essence of wonder that is Magical Sky roll-on attar by Icon Perfumes.</p>", "new_arrival": false, "exclusive": false, "highlight": false, "best_seller": false, "recommended": false, "is_combo": false, "height": "10.50", "breadth": "3.00", "width": "3.00", "length": "5.00", "weight": "60.00", "slug": "magical-sky-roll-on-attar-5ml-by-icon-perfume", "created_at": "2025-05-15T15:51:54.777", "updated_at": "2025-08-13T15:58:55.702", "category": [1, 2]}}, {"model": "mainapp.product", "pk": 146, "fields": {"title": "Pure Wonder Roll On Attar 5ml By Icon Perfume", "series": 8, "description": "<p>Enjoy your trip through a tropical getaway with Pure Wonder Attar by Icon Perfumes. The fresh scent opens with green mandarin notes, leading up to coconut nectar in the heart and finishing off with amber as the soft and subtle base.</p><p>Made without alcohol, this roll-on attar is great to wear daily, as it offers a light, tropical scent that awakens the senses. Great also for those who love clean fruity notes on a warm base.</p><p><b>Why You Will Love Pure Wonder ?</b></p><p>A great choice for someone who appreciates the lighter tropical aroma of fruit with a warm drying factor. It is alcohol-free providing comfort everyday wear without any irritation.</p><p>Pure Wonder roll-on attar by Icon Perfumes, wakes the tropical feeling in you. Its fresh, warm, and inviting.</p>", "new_arrival": false, "exclusive": false, "highlight": false, "best_seller": false, "recommended": false, "is_combo": false, "height": "10.50", "breadth": "3.00", "width": "3.00", "length": "5.00", "weight": "60.00", "slug": "pure-wonder-roll-on-attar-5ml-by-icon-perfume", "created_at": "2025-05-15T15:51:54.832", "updated_at": "2025-10-06T16:34:15.502", "category": [1, 2]}}, {"model": "mainapp.product", "pk": 147, "fields": {"title": "Oudh Romantic Roll On Attar 5ml By Icon Perfume", "series": 8, "description": "<p>Experience the romantic allure of Oudh Romantic Attar by Icon Perfumes. This love potion has an opening with orange, pink pepper, grapefruit, and marine notes, then taking a turn with a heart of saffron and violet leaf. The base includes notes of black pepper, papyrus, patchouli, amber, musk, tonka bean, saffron, and incense.</p><p>This alcohol-free attar is perfect for evening wear or a romantic evening, providing strong projection with boldness and longevity. Its natural oils will not be irritating for a sensual long-lasting scent experience.</p><p><b>Why Choose Oudh Romantic ?</b></p><p>A romantic pick for anyone who enjoys bold spicy notes, layered with a rich base. The use of no alcohol helps to give you elegant longevity, and ease of use without irritating your skin.</p><p>Try Oudh Romantic roll-on attar by Icon Perfumes to enjoy the romantic depth; a scent made to bring forth passion.</p>", "new_arrival": false, "exclusive": false, "highlight": false, "best_seller": false, "recommended": true, "is_combo": false, "height": "10.50", "breadth": "3.00", "width": "3.00", "length": "5.00", "weight": "60.00", "slug": "oudh-romentic-roll-on-attar-5ml-by-icon-perfume", "created_at": "2025-05-15T15:51:54.899", "updated_at": "2025-10-06T16:35:05.574", "category": [1, 2]}}, {"model": "mainapp.product", "pk": 148, "fields": {"title": "Ceo Men Roll On Attar 5ml By Icon Perfume", "series": 8, "description": "<p>Be confident with CEO Men Attar by Icon Perfumes. This statement fragrance opens bright and fresh with Calabrian bergamot and grapefruit, and transitions pleasantly to a heart provided by musk and powdery notes. Rich sandalwood, tonka bean, saffron, and incense provide warming sophistication as the base.</p><p>Made with 100% alcohol-free natural oils, this roll-on attar is perfect for the modern man who is in search of something bolder and elegant for day-to-day or business wear. It's light and gentle formula makes it easy to wear you'll feel refreshed and confident throughout the day, all while preventing irritation.</p><p><b>Why Choose CEO Men ?</b></p><p>CEO is perfect for sophisticated and musky scents, with a wood base, for men that enjoy this style. With the alcohol-free formula, you will find yourself more confident and comfortable throughout your day.</p><p>Gain attention with the now available roll-on attar. CEO Men roll-on attar by Icon Perfumes - Bold, elegant and undeniably classic.</p>", "new_arrival": false, "exclusive": false, "highlight": false, "best_seller": false, "recommended": true, "is_combo": false, "height": "10.50", "breadth": "3.00", "width": "3.00", "length": "5.00", "weight": "60.00", "slug": "ceo-men-roll-on-attar-5ml-by-icon-perfume", "created_at": "2025-05-15T15:51:54.968", "updated_at": "2025-10-06T15:29:46.013", "category": [1, 2]}}, {"model": "mainapp.product", "pk": 149, "fields": {"title": "Oudh Emirates Roll On Attar 5ml By Icon Perfume", "series": 8, "description": "<p>Relish in the royal splendour of Oudh Emirates attar from Icon Perfumes. This scent is pure luxury, starting with a woody and floral top note, a heart of musk and powdery notes, and a sandalwood base note for a soft finish.</p><p>This roll-on attar is alcohol-free and great for anyone that prefers a classic, wealthy scent for formal occasions or pampering at any time. The natural oils will be gentle but give a longlasting scent experience.</p><p><b>Why Choose Oudh Emirates ?</b></p><p>A royal fragrance choice, crafted for people who enjoy deep woody fragrances with just a little powdery touch. The alcohol-free format will give people sophistication through all day use without irritation.</p><p>Let the regal nature of Oudh Emirates roll-on attar by Icon Perfumes, take you on a traditional and elegant scent journey.</p>", "new_arrival": false, "exclusive": false, "highlight": true, "best_seller": true, "recommended": true, "is_combo": true, "height": "10.50", "breadth": "3.00", "width": "3.00", "length": "5.00", "weight": "60.00", "slug": "oudh-emirates-roll-on-attar-5ml-by-icon-perfume", "created_at": "2025-05-15T15:51:55.045", "updated_at": "2025-10-06T15:30:44.124", "category": [1, 2]}}, {"model": "mainapp.product", "pk": 150, "fields": {"title": "I-brize Roll On Attar 5ml By Icon Perfume", "series": 8, "description": "<p>Feel the refreshing breeze with I-Brize Attar by Icon Perfumes! This invigorating fragrance opens with fresh, spicy bergamot. The heart features red berries, fruity notes and cumin. Finally, the base is composed of honey, vanilla musk, tonka bean, and sandalwood providing a warm comforting finish.</p><p>This roll-on attar was created without alcohol and is perfect for daily wear. It will provide a refreshing, fresh scent with warm base notes. Perfect for the person who enjoys fresh scents with a warm and sweet finish!</p><p><b>Why Choose I-Brize ?</b></p><p>A refreshing choice for a person who enjoys fruity, fresh scents with a warm sweet finish, but also created with no alcohol so you can wear it comfortably and long lasting as well.</p><p>Enjoy the uplifting charm of I-Brize roll-on attar by Icon Perfumes! A fresh, warm, delightful experience.</p>", "new_arrival": false, "exclusive": false, "highlight": false, "best_seller": false, "recommended": true, "is_combo": false, "height": "10.50", "breadth": "3.00", "width": "3.00", "length": "8.00", "weight": "60.00", "slug": "i-brize-roll-on-attar-5ml-by-icon-perfume", "created_at": "2025-05-15T15:51:55.103", "updated_at": "2025-10-06T15:33:23.691", "category": [1, 2]}}, {"model": "mainapp.product", "pk": 460, "fields": {"title": "Shiro Roll On Attar 5ml By Icon Perfume", "series": 8, "description": "<p>Shiro Attar by Icon Perfumes will unleash the playful side in you. This cheerful perfume opens with fresh spicy bergamot, moving into red berries, fruity notes, and cumin hearts. The base consist of honey, vanilla, musk, tonka bean and sandalwood for a warm fruity sweetness that will tease and linger.</p><p>This roll-on attar is alcohol-free and is perfect for anybody who enjoys a fresh fruity fragrance with a warm base that blends seamlessly with the skin for a lovely private scent. Shiro roll-on attar is suitable for everyday wear or even a fun day in the sun, and with a gentle formula, it is suitable for sensitive skin and will last without irritation.</p><p><b>Why Pick Shiro ?</b></p><p>For anyone who enjoys lively and fruity fragrances with a sweet warm base, Shiro will fit nicely with your collection. In addition, it is alcohol-free which makes it suitable for daily wear.</p><p>Enjoy the playful vibrant essence of Shiro roll-on attar by Icon Perfumes, and expect a fresh, sweet, and delightful scent.</p>", "new_arrival": true, "exclusive": false, "highlight": false, "best_seller": false, "recommended": false, "is_combo": false, "height": "10.50", "breadth": "3.00", "width": "3.00", "length": "8.00", "weight": "60.00", "slug": "siro-roll-on-attar-5ml-by-icon-perfume", "created_at": "2025-05-28T10:46:52.992", "updated_at": "2025-10-06T15:33:33.504", "category": [1, 2]}}, {"model": "mainapp.product", "pk": 504, "fields": {"title": "Gokul Limestick – 100gm By Icon Perfumes", "series": 11, "description": "<p>Experience the tranquil beauty of Gokul Limestick (100GM) by Icon Perfumes. This fragrance opens bright with trio of orange blossom, neroli, and bergamot that welcomes you with a crisp and citrus note that breathes fresh air into you. Once settled than the fragrance blossoms into a simple, clean, airy musk with an ozone lift in the heart for a feeling of freshness, lightness, and airiness, The base notes of amber, vetiver, and earthy patchouli provide warmth and earthiness makes a comforting scent that is also rich emotionally and spiritually.</p><p>Our handcrafted limestick is alcohol-free and provides a fragrant atmosphere to enrich your spiritual practice whether it be pooja or meditation, or just to enhance the relaxation atmosphere at home. The fragrance will last naturally, and it creates a calming atmosphere, not an overpowering atmosphere.</p><p><b>Why Gokul Limestick ?</b></p><p>It is a fresh, traditional Indian fragrance that has citrus, musk, and warm earthy undertones</p><p>It is alcohol-free and skin-friendly for a gentle experience</p><p>It is perfect for spiritual rituals and meditation as well for every day relaxation</p>", "new_arrival": false, "exclusive": false, "highlight": false, "best_seller": false, "recommended": false, "is_combo": false, "height": "23.50", "breadth": "2.00", "width": "2.00", "length": "9.00", "weight": "120.00", "slug": "gokul-limestick-100gm-by-icon-perfumes", "created_at": "2025-06-13T10:58:59.396", "updated_at": "2025-10-06T15:33:41.576", "category": [4]}}, {"model": "mainapp.product", "pk": 505, "fields": {"title": "Jannat-ul-firdaus Limestick – 100gm | Icon Perfumes", "series": 11, "description": "<p>Immerse yourself in a world of sophistication and mystery with Jannat-ul-Firdaus Limestick (100GM) by Icon Perfumes. The fragrance opens with a vibrant herbal combination of aldehydes, basil, and bright bergamot that awaken your senses. At the heart are a rich floral bouquet of clove, geranium, iris, and jasmine so completely exotic. Then it settles gently into a deep and elegant base of amber and chypre-like musk and subtle hues of wood resulting in a soulful and enduring aroma.</p><p>Jannat-ul-Firdaus is a completely natural limestick blend that is completely alcohol free and ideal for pooja, spiritual practices, or just to uplift your home space. Each stick is trimmed for a great elimination of thick smoke and seamless burn while enveloping you in an aroma that heals and soothes. </p><p><b>Why Choose Jannat-ul-Firdaus Limestick ?</b></p><p>A rich floral-woodsy scent inspired by classic Arabic perfumery </p><p>Alcohol free and created for daily rituals, meditations or spiritual use </p><p>Long-lasting fragrance with a soothing exotic character</p>", "new_arrival": false, "exclusive": false, "highlight": false, "best_seller": false, "recommended": false, "is_combo": false, "height": "23.50", "breadth": "2.00", "width": "2.00", "length": "9.00", "weight": "120.00", "slug": "jannat-ul-firdaus-limestick-100gm-icon-perfumes", "created_at": "2025-06-13T10:58:59.454", "updated_at": "2025-10-06T15:33:50.452", "category": [4]}}, {"model": "mainapp.product", "pk": 506, "fields": {"title": "Lavender Limestick – 100gm | Icon Perfumes", "series": 11, "description": "<p>Unwind with the relaxing sophistication of Lavender Limestick (100GM) by Icon Perfumes. The opening reveals crisp top notes of hyacinth contrasted with soft lavender and hints delicate hints of fruity notes. The heart accords possess an elegant mix of iris and jasmine with a splash of pink pepper. The base includes the warm notes of vetiver, amber, oud, and a touch of soft, left fresh musk.</p><p>The alcohol-free limestick will be suitable for your nightly wind down, meditation, or lightening up your floral ambience (making it likable, clean, and inviting).</p><p><b>Why Lavender Limestick?</b></p><p>A relaxing floral aroma with hints of herbal and woody notes</p><p>Gentle aroma great for calming or falling asleep</p><p>Alcohol-free and last hours for twice daily relaxation</p>", "new_arrival": false, "exclusive": false, "highlight": false, "best_seller": false, "recommended": false, "is_combo": false, "height": "23.50", "breadth": "2.00", "width": "2.00", "length": "9.00", "weight": "120.00", "slug": "lavender-limestick-100gm-icon-perfumes", "created_at": "2025-06-13T10:58:59.514", "updated_at": "2025-10-06T15:33:59.356", "category": [4]}}, {"model": "mainapp.product", "pk": 507, "fields": {"title": "Loban Limestick – 100gm | Icon Perfumes", "series": 11, "description": "<p>Loban Limestick (100GM)  by Icon Perfumes has a sacred and smoky essence very much connected to ancient practices. You experience the aroma of frankincense and the natural resinous scent of loban (guggul and frankincense). You immediately sense that you are creating a sacred space for rituals in a unique and special way. This limestick quickly evolves to a calming heart of earthy herbs and gentle florals, before settling into a grounding base of deep musk, woody notes, and delicate spice.</p><p>Loban Limestick is perfect for pooja, havan or purifying your space. It is alcohol-free and creates spiritual purity and deep sense of peace in your environment.</p><p><b>Why Choose Loban Limestick?</b></p><p>A sacred and traditional essence, rooted in Indian rituals</p><p>Great for spiritual practice, meditation and energy cleansing</p><p>Long-lasting and alcohol-free for safe, natural and mindful use.</p>", "new_arrival": false, "exclusive": false, "highlight": false, "best_seller": false, "recommended": false, "is_combo": false, "height": "23.50", "breadth": "2.00", "width": "2.00", "length": "9.00", "weight": "120.00", "slug": "loban-limestick-100gm-icon-perfumes", "created_at": "2025-06-13T10:58:59.586", "updated_at": "2025-10-06T15:34:06.879", "category": [4]}}, {"model": "mainapp.product", "pk": 508, "fields": {"title": "Oudh Limestick – 100gm | Icon Perfumes", "series": 11, "description": "<p>Oudh Limestick (100GM) by Icon Perfumes is a bold, elegant fragrance opening with the fruity bright scents of pink pepper, lemon, and fresh Sicilian bergamot. The fragrance then moves into a heart of sweet cedarwood, angelica, and green galbanum, giving it a fresh woody character. In the end, the fragrance rests in the richness of sandalwood, musk, and agarwood (oudh), providing warmth and elegance.</p><p>This alcohol-free limestick is created for those who enjoy regal and rich scents for special occasions or to elevate everyday routines.</p><p><b>Why Oudh Limestick is a great option?</b></p><p>A luxurious blend of fresh, woody, and musky notes</p><p>Crafted for individuals who love bold, lingering scents</p><p>Suitable for a special moment or to create a royal atmosphere.</p>", "new_arrival": false, "exclusive": false, "highlight": false, "best_seller": false, "recommended": false, "is_combo": false, "height": "23.50", "breadth": "2.00", "width": "2.00", "length": "9.00", "weight": "120.00", "slug": "oudh-limestick-100gm-icon-perfumes", "created_at": "2025-06-13T10:58:59.662", "updated_at": "2025-10-06T15:34:13.144", "category": [4]}}, {"model": "mainapp.product", "pk": 509, "fields": {"title": "Rose Limestick – 100gm | Icon Perfumes", "series": 11, "description": "<p>Rose Limestick (100GM) by Icon Perfumes is classic and romantic, delicate homage to one of nature's finest flowers. It starts with the fresh intensity of rose absolute, with a crisp green top note. The heart develops with a slightly spicy geranium, adding a little character to the fragrance, and the base expands into a soft finish of sweet, heady jasmine.</p><p>This alcohol-free limestick is perfect for prayer, your routines of self-care and is lovely in your space with a soft feminine floral charm.</p><p><b>What makes Rose Limestick Special?</b></p><p>A pure and elegant floral fragrance, that calms and uplifts</p><p>Soft and timeless; suitable for everyday or devotional use</p><p>Naturally long-lasting and alcohol-free</p>", "new_arrival": false, "exclusive": false, "highlight": false, "best_seller": false, "recommended": false, "is_combo": false, "height": "23.50", "breadth": "2.00", "width": "2.00", "length": "9.00", "weight": "120.00", "slug": "rose-limestick-100gm-icon-perfumes", "created_at": "2025-06-13T10:58:59.731", "updated_at": "2025-10-06T15:34:20.813", "category": [4]}}, {"model": "mainapp.product", "pk": 510, "fields": {"title": "Sukhad Limestick – 100gm | Icon Perfumes", "series": 11, "description": "<p>Warm and grounding, Sukhad Limestick (100GM) by Icon Perfumes begins with a light sweet, slightly green aroma that calms the mind. At the heart of the limestick, soft woody and sweet aromas blend together, and the base develops into a warm, inviting creamy, spicy and resinous grounding blend.</p><p>This limestick is perfect for pooja, calming rituals, or settling yourself to start the day. This alcohol-free limestick can be just what you need to provide gentle harmony of essences in space.</p><p><b>Why Choose Sukhad Limestick ?</b></p><p>A calming sandalwood based blend with warmth and depth</p><p>Made for clearer thought, stillness and sacred experience</p><p>Alcohol-free and made for everyday spirituality</p>", "new_arrival": false, "exclusive": false, "highlight": false, "best_seller": false, "recommended": false, "is_combo": false, "height": "23.50", "breadth": "2.00", "width": "2.00", "length": "9.00", "weight": "120.00", "slug": "sukhad-limestick-100gm-icon-perfumes", "created_at": "2025-06-13T10:58:59.796", "updated_at": "2025-10-06T15:34:28.565", "category": [4]}}, {"model": "mainapp.product", "pk": 511, "fields": {"title": "Mogra Limestick – 100gm | Icon Perfumes", "series": 11, "description": "<p>Soft florals, Mogra Limestick (100GM) by Icon Perfumes begins with the soft notes of white flower and orange blossom that mimic the feel of fresh blossoms at Ifsrud. The heart is the exotic sweet scent of ylang-ylang and the base is softly kissed with peach for a lingering evidence of a creamy fruity finish.</p><p>Light and welcoming, this non-alcohol limestick is perfect for pooja, in the morning at dawn, or as a romantic floral wind for your home.</p><p><b>Reasons to Buy Mogra Limestick</b></p><p>Your choice of fresh and delicate florals with sweet fruity notes</p><p>Perfect for the gentle start of an awakening/gentle day or an evening ritual</p><p>Non-alcohol and lightly long lasting</p>", "new_arrival": false, "exclusive": false, "highlight": false, "best_seller": false, "recommended": false, "is_combo": false, "height": "23.50", "breadth": "2.00", "width": "2.00", "length": "9.00", "weight": "120.00", "slug": "mogra-limestick-100gm-icon-perfumes", "created_at": "2025-06-13T10:58:59.853", "updated_at": "2025-10-06T15:34:36.253", "category": [4]}}, {"model": "mainapp.product", "pk": 512, "fields": {"title": "Royal Attar Gift Set – H9MK Edition", "series": null, "description": "<p>Step into a world of luxury and charm with the <strong>Royal Attar Gift Set – H9MK Edition</strong> by <strong>Icon Perfumes</strong> — a collection designed for those who appreciate depth, character, and long-lasting fragrance.</p><p>This <strong>exclusive attar gift box</strong> features four of our most captivating roll-on attars: <strong>Hania</strong>, <strong>9PM</strong>, <strong>Magical Sky</strong>, and <strong>Khamrah</strong> — each crafted to complement your mood and style with royal sophistication.</p><h3><strong>What’s Inside</strong></h3><ul><li><strong>Hania Attar (5ml):</strong> A soft and graceful scent with floral sweetness and a comforting musk base — elegant yet modern.</li><li><strong>9PM Attar (5ml):</strong> Bold, confident, and magnetic — perfect for evening wear and special occasions.</li><li><strong>Magical Sky Attar (5ml):</strong> A refreshing, airy blend that captures the spirit of freedom and positivity.</li><li><strong>Khamrah Attar (5ml):</strong> Rich and spicy with warm gourmand notes — a true statement of luxury and tradition.</li></ul><h3><strong>Why You’ll Love It</strong></h3><p>Each attar in the <strong>H9MK Edition</strong> is <strong>non-alcoholic, long-lasting, and unisex</strong>, made from <strong>high-quality perfume oils</strong> that blend beautifully with your skin. Whether gifting it to someone special or treating yourself, this <strong>luxury attar set</strong> embodies elegance and charm.</p><p>Perfect for <strong>festivals, weddings, birthdays, and corporate gifting</strong>, it’s a symbol of refined taste and timeless fragrance artistry.</p><h3><strong>Highlights</strong></h3><p data-start=\"401\" data-end=\"637\"><span data-teams=\"true\"></span></p><ul><li>Premium Non-Alcoholic Roll-On Attars</li><li>Long-Lasting &amp; Skin-Friendly</li><li>Suitable for Both Men and Women</li><li>Perfect for Gifting on All Occasions</li><li>Elegantly Packed by Icon Perfumes</li></ul>", "new_arrival": true, "exclusive": false, "highlight": false, "best_seller": false, "recommended": true, "is_combo": false, "height": null, "breadth": null, "width": null, "length": null, "weight": null, "slug": "royal-attar-gift-set-h9mk-edition", "created_at": "2025-10-14T18:05:54.842", "updated_at": "2025-10-14T19:27:52.417", "category": [21]}}, {"model": "mainapp.product", "pk": 513, "fields": {"title": "Royal Attar Gift Set – SSZO Edition", "series": null, "description": "<h3 data-start=\"333\" data-end=\"386\"><p data-start=\"972\" data-end=\"1172\">Celebrate timeless elegance with the <strong data-start=\"1009\" data-end=\"1048\">Royal Attar Gift Set – SSZO Edition</strong> from <strong data-start=\"1054\" data-end=\"1071\">Icon Perfumes</strong>, a premium collection of four luxury attars — <strong data-start=\"1118\" data-end=\"1147\">Sanaya, Shiro, Zara Gold,</strong> and <strong data-start=\"1152\" data-end=\"1169\">Oudh Romantic</strong>.</p><p data-start=\"1174\" data-end=\"1348\">Designed for those who appreciate <em data-start=\"1208\" data-end=\"1233\">authentic Indian attars</em> and <em data-start=\"1238\" data-end=\"1263\">long-lasting fragrances</em>, this exquisite <strong data-start=\"1280\" data-end=\"1299\">attars gift box</strong> captures the essence of royalty in every drop.</p><p data-start=\"1174\" data-end=\"1348\"><br></p></h3><br><h3 data-start=\"1350\" data-end=\"1371\"><strong data-start=\"1354\" data-end=\"1371\">What’s Inside</strong></h3><ul data-start=\"1372\" data-end=\"1814\"><li><strong data-start=\"1374\" data-end=\"1397\" style=\"color: inherit; font-family: inherit;\">Sanaya Attar (5ml):</strong><span style=\"color: inherit; font-family: inherit;\"> A graceful floral fragrance with a touch of musk and warmth, perfect for daily wear.</span></li><li data-start=\"1485\" data-end=\"1583\"><p data-start=\"1487\" data-end=\"1583\"><strong data-start=\"1487\" data-end=\"1509\">Shiro Attar (5ml):</strong> Fresh, clean, and elegant — a modern scent for confident personalities.</p>\r\n</li>\r\n<li data-start=\"1584\" data-end=\"1701\">\r\n<p data-start=\"1586\" data-end=\"1701\"><strong data-start=\"1586\" data-end=\"1612\">Zara Gold Attar (5ml):</strong> Rich and golden, with a luxurious blend of oriental notes that radiate sophistication.</p>\r\n</li>\r\n<li data-start=\"1702\" data-end=\"1814\">\r\n<p data-start=\"1704\" data-end=\"1814\"><strong data-start=\"1704\" data-end=\"1734\">Oudh Romantic Attar (5ml):</strong> Deep, woody, and sensuous — crafted for those who love classic oudh perfumes.</p><p data-start=\"1704\" data-end=\"1814\"><br></p></li></ul><h3 data-start=\"1816\" data-end=\"1842\"><strong data-start=\"1820\" data-end=\"1842\">Why You’ll Love It</strong></h3><h3 data-start=\"333\" data-end=\"386\"><p data-start=\"1843\" data-end=\"2115\">Each attar is carefully blended using <em data-start=\"1881\" data-end=\"1902\">natural ingredients</em> and <em data-start=\"1907\" data-end=\"1929\">premium perfume oils</em>, offering a <strong data-start=\"1942\" data-end=\"1983\">non-alcoholic, long-lasting fragrance</strong> experience.<br data-start=\"1995\" data-end=\"1998\">\r\nPerfect for both <strong data-start=\"2015\" data-end=\"2032\">men and women</strong>, this set makes a thoughtful <strong data-start=\"2062\" data-end=\"2112\">gift for weddings, festivals, or anniversaries</strong>.</p><p data-start=\"2117\" data-end=\"2282\">The <strong data-start=\"2121\" data-end=\"2160\">Royal Attar Gift Set – SSZO Edition</strong> is elegantly packed, making it an ideal <strong data-start=\"2201\" data-end=\"2226\">luxury attar gift set</strong> for someone special or a royal indulgence for yourself.</p></h3><h3 data-start=\"2284\" data-end=\"2302\"><strong data-start=\"2288\" data-end=\"2302\">Highlights</strong></h3><ul data-start=\"2303\" data-end=\"2506\"><li><span style=\"color: inherit; font-family: inherit;\">100% Original Non-Alcoholic Attars</span></li><li data-start=\"2342\" data-end=\"2389\"><p data-start=\"2344\" data-end=\"2389\">Long-Lasting &amp; Skin-Friendly Fragrance Oils</p>\r\n</li>\r\n<li data-start=\"2390\" data-end=\"2433\">\r\n<p data-start=\"2392\" data-end=\"2433\">Premium Packaging – Perfect for Gifting</p>\r\n</li>\r\n<li data-start=\"2434\" data-end=\"2471\">\r\n<p data-start=\"2436\" data-end=\"2471\">Unisex Fragrances (For Him &amp; Her)</p>\r\n</li>\r\n<li data-start=\"2472\" data-end=\"2506\">\r\n<p data-start=\"2474\" data-end=\"2506\">Made in India by Icon Perfumes</p></li></ul><h3 data-start=\"333\" data-end=\"386\"></h3>", "new_arrival": true, "exclusive": false, "highlight": false, "best_seller": false, "recommended": true, "is_combo": false, "height": null, "breadth": null, "width": null, "length": null, "weight": null, "slug": "royal-attar-gift-set-sszo-edition", "created_at": "2025-10-14T18:07:45.729", "updated_at": "2025-10-14T19:20:18.581", "category": [21]}}, {"model": "mainapp.product", "pk": 514, "fields": {"title": "Hawas Roll On Attar 5ml", "series": 8, "description": "<p>There are some fragrances that not only smell nice, but even feel powerful. Take, for example, Hawas Roll-On Attar by Icon Perfumes.</p><p>It begins with an effervescent burst of bergamot, apple, cinnamon and lemon - bright and crisp and brimming with energy. This lively head sparkles and then evolves into a heart of smooth, watery accords warmed by cardamom and juicy plum. This heart adds soft, exotic character that feels elegant and effortless.</p><p><br></p><p>The base is where Hawas excels - a warm blend of ambergris, musk, patchouli and rich, warm woods that leaves a sensual, but personal trail on the skin.</p><p><br></p><p>Each drop is pure non-alcoholic organic, perfume oil that smells divine and lasts for hours, but never has the harsh feeling or artificiality.</p><p><br></p><p>For those evenings when you want to dress up or all you want is something special for your daily moments, Hawas leaves you enveloped in confidence — fresh and bold and timelessly sophisticated.</p><p><br></p><p><b>Why You're Going To Love It</b></p><p><br></p><p>Long-lasting and skin friendly</p><p><br></p><p>Alcohol-Free Roll On Attar (5ml)</p><p><br></p><p>Unisex Fragrance - just as fabulous for a man as a woman</p><p><br></p><p>Lively, woody, modern aroma with depth</p><p><br></p><p>Compact elegant and gifting</p>", "new_arrival": true, "exclusive": false, "highlight": true, "best_seller": true, "recommended": false, "is_combo": false, "height": null, "breadth": null, "width": null, "length": null, "weight": null, "slug": "hawas-roll-on-attar-5ml", "created_at": "2025-10-17T17:24:48.621", "updated_at": "2025-10-17T18:42:51.596", "category": [1, 2]}}, {"model": "mainapp.productvariant", "pk": 84, "fields": {"sku": "AT-086", "product": 86, "available": true, "stock": 100, "price": "140.40", "hsn_code": null, "discounted_price": "117.00", "meta_title": "Buy Chocolate Mushk Online In India - 5ml | Icon Perfumes", "meta_description": "Buy Chocolate Mushk Attar 6ml at Icon Perfumes. Long-lasting, alcohol-free fragrance. Perfect for daily wear. 100% original. Fast delivery across India.", "keywords": "", "slug": null, "index": true, "follow": true, "created_at": "2025-05-15T15:51:50.659", "updated_at": "2025-10-06T15:02:31.243", "notes": [332, 333, 334, 335, 336, 337, 338]}}, {"model": "mainapp.productvariant", "pk": 85, "fields": {"sku": "AT-087", "product": 87, "available": true, "stock": 100, "price": "140.40", "hsn_code": null, "discounted_price": "117.00", "meta_title": "Buy Ice Berg Online In India - 6ml | Icon Perfumes", "meta_description": "Buy Ice Berg Attar 6ml at Icon Perfumes. Long-lasting, alcohol-free fragrance. Perfect for daily wear. 100% original. Fast delivery across India.", "keywords": "", "slug": null, "index": true, "follow": true, "created_at": "2025-05-15T15:51:50.726", "updated_at": "2025-10-06T15:03:38.569", "notes": [339, 340, 341, 342, 343, 344, 345, 346, 347]}}, {"model": "mainapp.productvariant", "pk": 86, "fields": {"sku": "AT-088", "product": 88, "available": true, "stock": 100, "price": "140.40", "hsn_code": null, "discounted_price": "117.00", "meta_title": "Buy Icon Blue Online In India - 6ml | Icon Perfumes", "meta_description": "Buy Icon Blue Attar 6ml at Icon Perfumes. Long-lasting, alcohol-free fragrance. Perfect for daily wear. 100% original. Fast delivery across India.", "keywords": null, "slug": null, "index": true, "follow": true, "created_at": "2025-05-15T15:51:50.940", "updated_at": "2025-08-13T15:59:26.575", "notes": [344, 348, 349, 350, 351, 352]}}, {"model": "mainapp.productvariant", "pk": 87, "fields": {"sku": "AT-089", "product": 89, "available": true, "stock": 100, "price": "140.40", "hsn_code": null, "discounted_price": "117.00", "meta_title": "Buy London Night Online In India - 6ml | Icon Perfumes", "meta_description": "Buy London Night Attar 6ml at Icon Perfumes. Long-lasting, alcohol-free fragrance. Perfect for daily wear. 100% original. Fast delivery across India.", "keywords": "", "slug": null, "index": true, "follow": true, "created_at": "2025-05-15T15:51:51.002", "updated_at": "2025-09-23T15:21:44.660", "notes": [353, 354, 355, 356, 357, 360, 358, 359]}}, {"model": "mainapp.productvariant", "pk": 88, "fields": {"sku": "AT-090", "product": 90, "available": true, "stock": 100, "price": "140.40", "hsn_code": null, "discounted_price": "117.00", "meta_title": "Buy Ameer Al Oudh Online In India - 6ml | Icon Perfumes", "meta_description": "Buy Ameer Al Oudh Attar 6ml at Icon Perfumes. Long-lasting, alcohol-free fragrance. Perfect for daily wear. 100% original. Fast delivery across India.", "keywords": "", "slug": null, "index": true, "follow": true, "created_at": "2025-05-15T15:51:51.071", "updated_at": "2025-10-06T15:04:42.926", "notes": [361, 362, 363, 364]}}, {"model": "mainapp.productvariant", "pk": 89, "fields": {"sku": "AT-091", "product": 91, "available": true, "stock": 100, "price": "140.40", "hsn_code": null, "discounted_price": "117.00", "meta_title": "Buy Xxs Online In India - 6ml | Icon Perfumes", "meta_description": "Buy XXS Attar 6ml at Icon Perfumes. Long-lasting, alcohol-free fragrance. Perfect for daily wear. 100% original. Fast delivery across India.", "keywords": "", "slug": null, "index": true, "follow": true, "created_at": "2025-05-15T15:51:51.135", "updated_at": "2025-09-23T15:23:02.666", "notes": [368, 369, 341, 365, 366, 367, 370, 371, 372]}}, {"model": "mainapp.productvariant", "pk": 90, "fields": {"sku": "AT-092", "product": 92, "available": true, "stock": 100, "price": "140.40", "hsn_code": null, "discounted_price": "117.00", "meta_title": "Buy Zxx Online In India - 6ml | Icon Perfumes", "meta_description": "Buy ZXX Attar 6ml at Icon Perfumes. Long-lasting, alcohol-free fragrance. Perfect for daily wear. 100% original. Fast delivery across India.", "keywords": "", "slug": null, "index": true, "follow": true, "created_at": "2025-05-15T15:51:51.196", "updated_at": "2025-10-06T15:05:41.186", "notes": [373, 374, 375, 376]}}, {"model": "mainapp.productvariant", "pk": 91, "fields": {"sku": "AT-093", "product": 93, "available": true, "stock": 100, "price": "140.40", "hsn_code": null, "discounted_price": "117.00", "meta_title": "Buy Jannat Ul Firdaus Online In India - 6ml | Icon Perfumes", "meta_description": "Buy Jannat ul Firdaus Attar 6ml at Icon Perfumes. Long-lasting, alcohol-free fragrance. Perfect for daily wear. 100% original. Fast delivery across India.", "keywords": "", "slug": null, "index": true, "follow": true, "created_at": "2025-05-15T15:51:51.263", "updated_at": "2025-09-23T15:23:55.304", "notes": [355, 377, 378, 379, 380, 381, 382, 384, 385, 383]}}, {"model": "mainapp.productvariant", "pk": 92, "fields": {"sku": "AT-094", "product": 94, "available": true, "stock": 100, "price": "140.40", "hsn_code": null, "discounted_price": "117.00", "meta_title": "Buy Rose Online In India - 6ml | Icon Perfumes", "meta_description": "Buy Rose Attar 6ml at Icon Perfumes. Long-lasting, alcohol-free fragrance. Perfect for daily wear. 100% original. Fast delivery across India.", "keywords": "", "slug": null, "index": true, "follow": true, "created_at": "2025-05-15T15:51:51.331", "updated_at": "2025-09-23T15:24:56.936", "notes": [386, 387, 388, 389, 390]}}, {"model": "mainapp.productvariant", "pk": 93, "fields": {"sku": "AT-095", "product": 95, "available": true, "stock": 100, "price": "140.40", "hsn_code": null, "discounted_price": "117.00", "meta_title": "Buy Mogra Online In India - 6ml | Icon Perfumes", "meta_description": "Buy Mogra Attar 6ml at Icon Perfumes. Long-lasting, alcohol-free fragrance. Perfect for daily wear. 100% original. Fast delivery across India.", "keywords": "", "slug": null, "index": true, "follow": true, "created_at": "2025-05-15T15:51:51.390", "updated_at": "2025-09-23T15:25:38.347", "notes": [392, 353, 391, 393]}}, {"model": "mainapp.productvariant", "pk": 94, "fields": {"sku": "AT-096", "product": 96, "available": true, "stock": 100, "price": "140.40", "hsn_code": null, "discounted_price": "117.00", "meta_title": "Buy Zamzam Online In India - 6ml | Icon Perfumes", "meta_description": "Buy Zamzam Attar 6ml at Icon Perfumes. Long-lasting, alcohol-free fragrance. Perfect for daily wear. 100% original. Fast delivery across India.", "keywords": "", "slug": null, "index": true, "follow": true, "created_at": "2025-05-15T15:51:51.443", "updated_at": "2025-09-23T15:26:11.109", "notes": [394, 395, 396, 626, 397, 398]}}, {"model": "mainapp.productvariant", "pk": 95, "fields": {"sku": "AT-097", "product": 97, "available": true, "stock": 100, "price": "140.40", "hsn_code": null, "discounted_price": "117.00", "meta_title": "Buy Arba-wardat Online In India - 6ml | Icon Perfumes", "meta_description": "Buy Arba-Wardat Attar 6ml at Icon Perfumes. Long-lasting, alcohol-free fragrance. Perfect for daily wear. 100% original. Fast delivery across India.", "keywords": "", "slug": null, "index": true, "follow": true, "created_at": "2025-05-15T15:51:51.499", "updated_at": "2025-10-06T15:07:08.709", "notes": [344, 345, 340, 400, 347, 399]}}, {"model": "mainapp.productvariant", "pk": 96, "fields": {"sku": "AT-098", "product": 98, "available": true, "stock": 100, "price": "140.40", "hsn_code": null, "discounted_price": "117.00", "meta_title": "Buy White London Online In India - 6ml | Icon Perfumes", "meta_description": "Buy White London Attar 6ml at Icon Perfumes. Long-lasting, alcohol-free fragrance. Perfect for daily wear. 100% original. Fast delivery across India.", "keywords": "", "slug": null, "index": true, "follow": true, "created_at": "2025-05-15T15:51:51.604", "updated_at": "2025-09-23T15:37:40.165", "notes": [401, 627, 628]}}, {"model": "mainapp.productvariant", "pk": 97, "fields": {"sku": "AT-099", "product": 99, "available": true, "stock": 100, "price": "140.40", "hsn_code": null, "discounted_price": "117.00", "meta_title": "Buy Aseel Online In India - 6ml | Icon Perfumes", "meta_description": "Buy Aseel Attar 6ml at Icon Perfumes. Long-lasting, alcohol-free fragrance. Perfect for daily wear. 100% original. Fast delivery across India.", "keywords": "", "slug": null, "index": true, "follow": true, "created_at": "2025-05-15T15:51:51.677", "updated_at": "2025-09-23T15:39:51.633", "notes": [402, 403, 404, 629, 405, 406]}}, {"model": "mainapp.productvariant", "pk": 98, "fields": {"sku": "AT-100", "product": 100, "available": true, "stock": 100, "price": "140.40", "hsn_code": null, "discounted_price": "117.00", "meta_title": "Buy White Mushk Online In India - 6ml | Icon Perfumes", "meta_description": "Buy White Mushk Attar 6ml at Icon Perfumes. Long-lasting, alcohol-free fragrance. Perfect for daily wear. 100% original. Fast delivery across India.", "keywords": "", "slug": null, "index": true, "follow": true, "created_at": "2025-05-15T15:51:51.739", "updated_at": "2025-09-23T15:42:29.550", "notes": [631, 408, 630, 407, 632, 399]}}, {"model": "mainapp.productvariant", "pk": 99, "fields": {"sku": "AT-101", "product": 101, "available": true, "stock": 100, "price": "140.40", "hsn_code": null, "discounted_price": "117.00", "meta_title": "Buy Blue Berry Online In India - 6ml | Icon Perfumes", "meta_description": "Buy Blue Berry Attar 6ml at Icon Perfumes. Long-lasting, alcohol-free fragrance. Perfect for daily wear. 100% original. Fast delivery across India.", "keywords": "", "slug": null, "index": true, "follow": true, "created_at": "2025-05-15T15:51:51.819", "updated_at": "2025-09-18T19:00:27.161", "notes": [409, 410, 411, 412, 633]}}, {"model": "mainapp.productvariant", "pk": 100, "fields": {"sku": "AT-102", "product": 102, "available": true, "stock": 100, "price": "140.40", "hsn_code": null, "discounted_price": "117.00", "meta_title": "Buy Something Online In India - 6ml | Icon Perfumes", "meta_description": "Buy Something Attar 6ml at Icon Perfumes. Long-lasting, alcohol-free fragrance. Perfect for daily wear. 100% original. Fast delivery across India.", "keywords": "", "slug": null, "index": true, "follow": true, "created_at": "2025-05-15T15:51:51.903", "updated_at": "2025-09-23T15:32:07.466", "notes": [416, 340, 344, 363, 413, 414, 415, 417, 347, 358]}}, {"model": "mainapp.productvariant", "pk": 101, "fields": {"sku": "AT-103", "product": 103, "available": true, "stock": 100, "price": "140.40", "hsn_code": null, "discounted_price": "117.00", "meta_title": "Buy Ch-men Online In India - 6ml | Icon Perfumes", "meta_description": "Buy Ch-men Attar 6ml at Icon Perfumes. Long-lasting, alcohol-free fragrance. Perfect for daily wear. 100% original. Fast delivery across India.", "keywords": "", "slug": null, "index": true, "follow": true, "created_at": "2025-05-15T15:51:51.964", "updated_at": "2025-09-23T15:32:50.277", "notes": [418, 419, 420]}}, {"model": "mainapp.productvariant", "pk": 102, "fields": {"sku": "AT-104", "product": 104, "available": true, "stock": 100, "price": "140.40", "hsn_code": null, "discounted_price": "117.00", "meta_title": "Buy Sukhad Online In India - 6ml | Icon Perfumes", "meta_description": "Buy Sukhad Attar 6ml at Icon Perfumes. Long-lasting, alcohol-free fragrance. Perfect for daily wear. 100% original. Fast delivery across India.", "keywords": "", "slug": null, "index": true, "follow": true, "created_at": "2025-05-15T15:51:52.030", "updated_at": "2025-09-23T15:33:53.725", "notes": [387, 421, 422, 423, 424, 398, 634, 635, 636]}}, {"model": "mainapp.productvariant", "pk": 103, "fields": {"sku": "AT-105", "product": 105, "available": true, "stock": 100, "price": "140.40", "hsn_code": null, "discounted_price": "117.00", "meta_title": "Buy Oudh Kasturi Online In India - 6ml | Icon Perfumes", "meta_description": "Buy Oudh Kasturi Attar 6ml at Icon Perfumes. Long-lasting, alcohol-free fragrance. Perfect for daily wear. 100% original. Fast delivery across India.", "keywords": "", "slug": null, "index": true, "follow": true, "created_at": "2025-05-15T15:51:52.094", "updated_at": "2025-10-06T15:09:36.128", "notes": [425, 426, 637, 638, 427]}}, {"model": "mainapp.productvariant", "pk": 104, "fields": {"sku": "AT-106", "product": 106, "available": true, "stock": 100, "price": "140.40", "hsn_code": null, "discounted_price": "117.00", "meta_title": "Buy Musk Abiyad Online In India - 6ml | Icon Perfumes", "meta_description": "Buy Musk Abiyad Attar 6ml at Icon Perfumes. Long-lasting, alcohol-free fragrance. Perfect for daily wear. 100% original. Fast delivery across India.", "keywords": "", "slug": null, "index": true, "follow": true, "created_at": "2025-05-15T15:51:52.148", "updated_at": "2025-09-23T15:36:35.011", "notes": [631, 428, 429, 430, 639, 431]}}, {"model": "mainapp.productvariant", "pk": 105, "fields": {"sku": "AT-107", "product": 107, "available": true, "stock": 100, "price": "140.40", "hsn_code": null, "discounted_price": "117.00", "meta_title": "Buy Icon Prophercy Online In India - 6ml | Icon Perfumes", "meta_description": "Buy Icon Prophercy Attar 6ml at Icon Perfumes. Long-lasting, alcohol-free fragrance. Perfect for daily wear. 100% original. Fast delivery across India.", "keywords": "", "slug": null, "index": true, "follow": true, "created_at": "2025-05-15T15:51:52.208", "updated_at": "2025-09-23T15:46:16.328", "notes": [640, 432, 433, 434, 435, 436, 344, 345, 371, 437, 358, 438, 399]}}, {"model": "mainapp.productvariant", "pk": 106, "fields": {"sku": "AT-108", "product": 108, "available": true, "stock": 100, "price": "140.40", "hsn_code": null, "discounted_price": "117.00", "meta_title": "Buy Lapassion Online In India - 6ml | Icon Perfumes", "meta_description": "Buy Lapassion Attar 6ml at Icon Perfumes. Long-lasting, alcohol-free fragrance. Perfect for daily wear. 100% original. Fast delivery across India.", "keywords": "", "slug": null, "index": true, "follow": true, "created_at": "2025-05-15T15:51:52.276", "updated_at": "2025-09-23T15:46:59.087", "notes": [439, 440, 441, 442, 443, 444, 445, 382, 448, 626, 446, 447]}}, {"model": "mainapp.productvariant", "pk": 107, "fields": {"sku": "AT-109", "product": 109, "available": true, "stock": 100, "price": "140.40", "hsn_code": null, "discounted_price": "117.00", "meta_title": "Buy Love Forever Online In India - 6ml | Icon Perfumes", "meta_description": "Buy Love Forever Attar 6ml at Icon Perfumes. Long-lasting, alcohol-free fragrance. Perfect for daily wear. 100% original. Fast delivery across India.", "keywords": "", "slug": null, "index": true, "follow": true, "created_at": "2025-05-15T15:51:52.335", "updated_at": "2025-09-23T15:30:03.192", "notes": [449, 450, 641, 451, 340, 343, 452, 453, 399]}}, {"model": "mainapp.productvariant", "pk": 108, "fields": {"sku": "AT-110", "product": 110, "available": true, "stock": 100, "price": "140.40", "hsn_code": null, "discounted_price": "117.00", "meta_title": "Buy Velvet Online In India - 6ml | Icon Perfumes", "meta_description": "Buy Velvet Attar 6ml at Icon Perfumes. Long-lasting, alcohol-free fragrance. Perfect for daily wear. 100% original. Fast delivery across India.", "keywords": "", "slug": null, "index": true, "follow": true, "created_at": "2025-05-15T15:51:52.400", "updated_at": "2025-10-06T15:11:08.076", "notes": [642, 355, 454, 455, 456, 443, 380, 457, 458, 643]}}, {"model": "mainapp.productvariant", "pk": 109, "fields": {"sku": "AT-111", "product": 111, "available": true, "stock": 100, "price": "140.40", "hsn_code": null, "discounted_price": "117.00", "meta_title": "Buy Jawad Al Oudh Online In India - 6ml | Icon Perfumes", "meta_description": "Buy Jawad Al Oudh Attar 6ml at Icon Perfumes. Long-lasting, alcohol-free fragrance. Perfect for daily wear. 100% original. Fast delivery across India.", "keywords": "", "slug": null, "index": true, "follow": true, "created_at": "2025-05-15T15:51:52.471", "updated_at": "2025-09-23T15:59:01.587", "notes": [433, 644, 344, 345, 459, 460, 358]}}, {"model": "mainapp.productvariant", "pk": 110, "fields": {"sku": "AT-112", "product": 112, "available": true, "stock": 100, "price": "151.20", "hsn_code": null, "discounted_price": "126.00", "meta_title": "Buy Magnet Attar Online In India - 6ml | Icon Perfumes", "meta_description": "Buy Magnet Attar 6ml at Icon Perfumes. Long-lasting, alcohol-free fragrance. Perfect for daily wear. 100% original. Fast delivery across India.", "keywords": "", "slug": null, "index": true, "follow": true, "created_at": "2025-05-15T15:51:52.537", "updated_at": "2025-09-23T15:59:34.658", "notes": [451, 461, 462, 366, 463, 464, 339, 373, 465, 371, 645, 438]}}, {"model": "mainapp.productvariant", "pk": 111, "fields": {"sku": "AT-113", "product": 113, "available": true, "stock": 100, "price": "151.20", "hsn_code": null, "discounted_price": "126.00", "meta_title": "Buy Sabaya Attar Online In India - 6ml | Icon Perfumes", "meta_description": "Buy Sabaya Attar 6ml at Icon Perfumes. Long-lasting, alcohol-free fragrance. Perfect for daily wear. 100% original. Fast delivery across India.", "keywords": "", "slug": null, "index": true, "follow": true, "created_at": "2025-05-15T15:51:52.613", "updated_at": "2025-09-23T16:00:04.510", "notes": [466, 467, 468, 452, 646]}}, {"model": "mainapp.productvariant", "pk": 112, "fields": {"sku": "AT-114", "product": 114, "available": true, "stock": 100, "price": "151.20", "hsn_code": null, "discounted_price": "126.00", "meta_title": "Buy 9898 Attar Online In India - 6ml | Icon Perfumes", "meta_description": "Buy 9898 Attar 6ml at Icon Perfumes. Long-lasting, alcohol-free fragrance. Perfect for daily wear. 100% original. Fast delivery across India.", "keywords": "", "slug": null, "index": true, "follow": true, "created_at": "2025-05-15T15:51:52.676", "updated_at": "2025-10-06T15:12:59.770", "notes": [471, 344, 469, 470, 647, 472, 350, 648, 358, 645, 646]}}, {"model": "mainapp.productvariant", "pk": 113, "fields": {"sku": "AT-115", "product": 115, "available": true, "stock": 100, "price": "151.20", "hsn_code": null, "discounted_price": "126.00", "meta_title": "Buy Rich Attar Online In India - 6ml | Icon Perfumes", "meta_description": "Buy Rich Attar 6ml at Icon Perfumes. Long-lasting, alcohol-free fragrance. Perfect for daily wear. 100% original. Fast delivery across India.", "keywords": "", "slug": null, "index": true, "follow": true, "created_at": "2025-05-15T15:51:52.753", "updated_at": "2025-09-23T16:00:43.220", "notes": [355, 476, 649, 474, 475, 473, 477, 478, 447]}}, {"model": "mainapp.productvariant", "pk": 114, "fields": {"sku": "AT-116", "product": 116, "available": true, "stock": 100, "price": "151.20", "hsn_code": null, "discounted_price": "126.00", "meta_title": "Buy 24 Carat Attar Online In India - 6ml | Icon Perfumes", "meta_description": "Buy 24 Carat Attar 6ml at Icon Perfumes. Long-lasting, alcohol-free fragrance. Perfect for daily wear. 100% original. Fast delivery across India.", "keywords": "", "slug": null, "index": true, "follow": true, "created_at": "2025-05-15T15:51:52.808", "updated_at": "2025-09-23T15:27:58.434", "notes": [480, 481, 482, 650, 651, 366, 403, 373, 344, 350, 479, 370, 483, 484, 438, 347]}}, {"model": "mainapp.productvariant", "pk": 115, "fields": {"sku": "AT-117", "product": 117, "available": true, "stock": 100, "price": "151.20", "hsn_code": null, "discounted_price": "126.00", "meta_title": "Buy Neck Attar Online In India - 6ml | Icon Perfumes", "meta_description": "Buy Neck Attar 6ml at Icon Perfumes. Long-lasting, alcohol-free fragrance. Perfect for daily wear. 100% original. Fast delivery across India.", "keywords": "", "slug": null, "index": true, "follow": true, "created_at": "2025-05-15T15:51:52.878", "updated_at": "2025-09-23T15:28:43.684", "notes": [368, 627, 485, 638, 415, 652, 653, 486]}}, {"model": "mainapp.productvariant", "pk": 116, "fields": {"sku": "AT-118", "product": 118, "available": true, "stock": 100, "price": "151.20", "hsn_code": null, "discounted_price": "126.00", "meta_title": "Buy Jumairah Attar Online In India - 6ml | Icon Perfumes", "meta_description": "Buy Jumairah Attar 6ml at Icon Perfumes. Long-lasting, alcohol-free fragrance. Perfect for daily wear. 100% original. Fast delivery across India.", "keywords": "", "slug": null, "index": true, "follow": true, "created_at": "2025-05-15T15:51:52.924", "updated_at": "2025-09-23T15:29:21.904", "notes": [487, 631, 488, 489, 651, 490, 654, 655, 340, 343, 344, 345, 370, 347, 358, 491, 492, 399]}}, {"model": "mainapp.productvariant", "pk": 117, "fields": {"sku": "AT-119", "product": 119, "available": true, "stock": 100, "price": "151.20", "hsn_code": null, "discounted_price": "126.00", "meta_title": "Buy Feeling Attar Online In India - 6ml | Icon Perfumes", "meta_description": "Buy Feeling Attar 6ml at Icon Perfumes. Long-lasting, alcohol-free fragrance. Perfect for daily wear. 100% original. Fast delivery across India.", "keywords": "", "slug": null, "index": true, "follow": true, "created_at": "2025-05-15T15:51:52.972", "updated_at": "2025-10-06T15:14:53.780", "notes": [631, 488, 489, 651, 493, 654, 494, 340, 343, 344, 345, 496, 628, 437, 358, 347, 399]}}, {"model": "mainapp.productvariant", "pk": 118, "fields": {"sku": "AT-120", "product": 120, "available": true, "stock": 100, "price": "151.20", "hsn_code": null, "discounted_price": "126.00", "meta_title": "Buy Safari Attar Online In India - 6ml | Icon Perfumes", "meta_description": "Buy Safari Attar 6ml at Icon Perfumes. Long-lasting, alcohol-free fragrance. Perfect for daily wear. 100% original. Fast delivery across India.", "keywords": "", "slug": null, "index": true, "follow": true, "created_at": "2025-05-15T15:51:53.035", "updated_at": "2025-09-23T15:30:48.282", "notes": [402, 403, 404, 629, 405, 406]}}, {"model": "mainapp.productvariant", "pk": 119, "fields": {"sku": "AT-121", "product": 121, "available": true, "stock": 100, "price": "151.20", "hsn_code": null, "discounted_price": "126.00", "meta_title": "Buy Deep Black Attar Online In India - 6ml | Icon Perfumes", "meta_description": "Buy Deep Black Attar 6ml at Icon Perfumes. Long-lasting, alcohol-free fragrance. Perfect for daily wear. 100% original. Fast delivery across India.", "keywords": "", "slug": null, "index": true, "follow": true, "created_at": "2025-05-15T15:51:53.094", "updated_at": "2025-10-06T15:15:50.217", "notes": [373, 374, 375, 376]}}, {"model": "mainapp.productvariant", "pk": 120, "fields": {"sku": "AT-122", "product": 122, "available": true, "stock": 100, "price": "151.20", "hsn_code": null, "discounted_price": "126.00", "meta_title": "Buy Oudh Sums Attar Online In India - 6ml | Icon Perfumes", "meta_description": "Buy Oudh Sums Attar 6ml at Icon Perfumes. Long-lasting, alcohol-free fragrance. Perfect for daily wear. 100% original. Fast delivery across India.", "keywords": "", "slug": null, "index": true, "follow": true, "created_at": "2025-05-15T15:51:53.151", "updated_at": "2025-09-23T15:40:52.872", "notes": [656, 497, 498, 657, 405, 631, 426, 347, 499, 452, 358]}}, {"model": "mainapp.productvariant", "pk": 121, "fields": {"sku": "AT-123", "product": 123, "available": true, "stock": 100, "price": "151.20", "hsn_code": null, "discounted_price": "126.00", "meta_title": "Buy Icon Figo Attar Online In India - 6ml | Icon Perfumes", "meta_description": "Buy Icon Figo Attar 6ml at Icon Perfumes. Long-lasting, alcohol-free fragrance. Perfect for daily wear. 100% original. Fast delivery across India.", "keywords": "", "slug": null, "index": true, "follow": true, "created_at": "2025-05-15T15:51:53.200", "updated_at": "2025-09-23T15:41:09.980", "notes": [500, 501, 502, 503, 504, 505, 337, 506, 507]}}, {"model": "mainapp.productvariant", "pk": 122, "fields": {"sku": "AT-124", "product": 124, "available": true, "stock": 100, "price": "151.20", "hsn_code": null, "discounted_price": "126.00", "meta_title": "Buy Open Attar Online In India - 6ml | Icon Perfumes", "meta_description": "Buy Open Attar 6ml at Icon Perfumes. Long-lasting, alcohol-free fragrance. Perfect for daily wear. 100% original. Fast delivery across India.", "keywords": "", "slug": null, "index": true, "follow": true, "created_at": "2025-05-15T15:51:53.250", "updated_at": "2025-09-23T15:44:54.592", "notes": [508, 509, 510, 512, 511]}}, {"model": "mainapp.productvariant", "pk": 123, "fields": {"sku": "AT-125", "product": 125, "available": true, "stock": 100, "price": "151.20", "hsn_code": null, "discounted_price": "126.00", "meta_title": "Buy Signature Attar Online In India - 6ml | Icon Perfumes", "meta_description": "Buy Signature Attar 6ml at Icon Perfumes. Long-lasting, alcohol-free fragrance. Perfect for daily wear. 100% original. Fast delivery across India.", "keywords": "", "slug": null, "index": true, "follow": true, "created_at": "2025-05-15T15:51:53.304", "updated_at": "2025-09-23T15:45:21.134", "notes": [513, 514, 515, 516, 517, 365, 347, 518, 519]}}, {"model": "mainapp.productvariant", "pk": 124, "fields": {"sku": "AT-126", "product": 126, "available": true, "stock": 100, "price": "151.20", "hsn_code": null, "discounted_price": "126.00", "meta_title": "Buy Reed Attar Online In India - 6ml | Icon Perfumes", "meta_description": "Buy Reed Attar 6ml at Icon Perfumes. Long-lasting, alcohol-free fragrance. Perfect for daily wear. 100% original. Fast delivery across India.", "keywords": "", "slug": null, "index": true, "follow": true, "created_at": "2025-05-15T15:51:53.364", "updated_at": "2025-09-23T16:04:36.302", "notes": [520, 521, 426, 658, 659, 340, 469, 342, 347, 437, 522, 523, 524]}}, {"model": "mainapp.productvariant", "pk": 125, "fields": {"sku": "AT-127", "product": 127, "available": true, "stock": 100, "price": "151.20", "hsn_code": null, "discounted_price": "126.00", "meta_title": "Buy Amir Attar Online In India - 6ml | Icon Perfumes", "meta_description": "Buy Amir Attar 6ml at Icon Perfumes. Long-lasting, alcohol-free fragrance. Perfect for daily wear. 100% original. Fast delivery across India.", "keywords": "", "slug": null, "index": true, "follow": true, "created_at": "2025-05-15T15:51:53.420", "updated_at": "2025-09-19T11:20:41.771", "notes": [656, 631, 651, 525, 526, 452, 358]}}, {"model": "mainapp.productvariant", "pk": 126, "fields": {"sku": "AT-128", "product": 128, "available": true, "stock": 100, "price": "151.20", "hsn_code": null, "discounted_price": "126.00", "meta_title": "Buy Silent Attar Online In India - 6ml | Icon Perfumes", "meta_description": "Buy Silent Attar 6ml at Icon Perfumes. Long-lasting, alcohol-free fragrance. Perfect for daily wear. 100% original. Fast delivery across India.", "keywords": "", "slug": null, "index": true, "follow": true, "created_at": "2025-05-15T15:51:53.485", "updated_at": "2025-10-06T15:26:17.267", "notes": [528, 527, 358]}}, {"model": "mainapp.productvariant", "pk": 127, "fields": {"sku": "AT-129", "product": 129, "available": true, "stock": 100, "price": "162.00", "hsn_code": null, "discounted_price": "135.00", "meta_title": "Buy Rose Saffron Attar Online In India - 6ml | Icon Perfumes", "meta_description": "Buy Rose Saffron Attar 6ml at Icon Perfumes. Long-lasting, alcohol-free fragrance. Perfect for daily wear. 100% original. Fast delivery across India.", "keywords": "", "slug": null, "index": true, "follow": true, "created_at": "2025-05-15T15:51:53.559", "updated_at": "2025-09-19T11:19:24.081", "notes": [656, 529, 530, 531, 404, 651, 532, 399]}}, {"model": "mainapp.productvariant", "pk": 128, "fields": {"sku": "AT-130", "product": 130, "available": true, "stock": 100, "price": "162.00", "hsn_code": null, "discounted_price": "135.00", "meta_title": "Buy Suzan Attar Online In India - 6ml | Icon Perfumes", "meta_description": "Buy Suzan Attar 6ml at Icon Perfumes. Long-lasting, alcohol-free fragrance. Perfect for daily wear. 100% original. Fast delivery across India.", "keywords": "", "slug": null, "index": true, "follow": true, "created_at": "2025-05-15T15:51:53.639", "updated_at": "2025-09-19T11:18:25.856", "notes": [533, 534, 535, 536, 345, 347, 660, 358]}}, {"model": "mainapp.productvariant", "pk": 129, "fields": {"sku": "AT-131", "product": 131, "available": true, "stock": 100, "price": "162.00", "hsn_code": null, "discounted_price": "135.00", "meta_title": "Buy Musk Safi Attar Online In India - 6ml | Icon Perfumes", "meta_description": "Buy Musk Safi Attar 6ml at Icon Perfumes. Long-lasting, alcohol-free fragrance. Perfect for daily wear. 100% original. Fast delivery across India.", "keywords": "", "slug": null, "index": true, "follow": true, "created_at": "2025-05-15T15:51:53.714", "updated_at": "2025-09-19T11:18:09.051", "notes": [537, 661, 358, 399]}}, {"model": "mainapp.productvariant", "pk": 130, "fields": {"sku": "AT-132", "product": 132, "available": true, "stock": 100, "price": "162.00", "hsn_code": null, "discounted_price": "135.00", "meta_title": "Buy Mukhallat Attar Online In India - 6ml | Icon Perfumes", "meta_description": "Buy Mukhallat Attar 6ml at Icon Perfumes. Long-lasting, alcohol-free fragrance. Perfect for daily wear. 100% original. Fast delivery across India.", "keywords": "", "slug": null, "index": true, "follow": true, "created_at": "2025-05-15T15:51:53.788", "updated_at": "2025-09-19T11:17:36.107", "notes": [538, 362, 627, 662, 399]}}, {"model": "mainapp.productvariant", "pk": 131, "fields": {"sku": "AT-133", "product": 133, "available": true, "stock": 100, "price": "162.00", "hsn_code": null, "discounted_price": "135.00", "meta_title": "Buy Majmua Attar Online In India - 6ml | Icon Perfumes", "meta_description": "Buy Majmua Attar 6ml at Icon Perfumes. Long-lasting, alcohol-free fragrance. Perfect for daily wear. 100% original. Fast delivery across India.", "keywords": "", "slug": null, "index": true, "follow": true, "created_at": "2025-05-15T15:51:53.840", "updated_at": "2025-09-23T15:31:31.021", "notes": [480, 657, 485, 663, 488, 345, 347, 452, 358]}}, {"model": "mainapp.productvariant", "pk": 132, "fields": {"sku": "AT-134", "product": 134, "available": true, "stock": 100, "price": "172.80", "hsn_code": null, "discounted_price": "144.00", "meta_title": "Buy White Oudh Attar Online In India - 6ml | Icon Perfumes", "meta_description": "Buy White Oudh Attar 6ml at Icon Perfumes. Long-lasting, alcohol-free fragrance. Perfect for daily wear. 100% original. Fast delivery across India.", "keywords": "", "slug": null, "index": true, "follow": true, "created_at": "2025-05-15T15:51:53.906", "updated_at": "2025-09-19T11:14:51.490", "notes": [342, 426, 539, 540, 541, 542, 347, 358, 543]}}, {"model": "mainapp.productvariant", "pk": 133, "fields": {"sku": "AT-135", "product": 135, "available": true, "stock": 100, "price": "205.20", "hsn_code": null, "discounted_price": "171.00", "meta_title": "Buy 9pm Attar Online In India - 5ml | Icon Perfumes", "meta_description": "Buy 9PM Attar 5ml at Icon Perfumes. Long-lasting, alcohol-free fragrance. Perfect for daily wear. 100% original. Fast delivery across India.", "keywords": "", "slug": null, "index": true, "follow": true, "created_at": "2025-05-15T15:51:54.020", "updated_at": "2025-08-13T15:59:26.883", "notes": [520, 544, 451, 340, 648, 545]}}, {"model": "mainapp.productvariant", "pk": 134, "fields": {"sku": "AT-136", "product": 136, "available": true, "stock": 99, "price": "205.20", "hsn_code": null, "discounted_price": "171.00", "meta_title": "Buy Oudh Vanilla Attar Online In India - 5ml | Icon Perfumes", "meta_description": "Buy Oudh Vanilla Attar 5ml at Icon Perfumes. Long-lasting, alcohol-free fragrance. Perfect for daily wear. 100% original. Fast delivery across India.", "keywords": "", "slug": null, "index": true, "follow": true, "created_at": "2025-05-15T15:51:54.128", "updated_at": "2025-08-13T15:59:26.300", "notes": [656, 497, 498, 657, 405, 631, 426, 347, 499, 452, 358]}}, {"model": "mainapp.productvariant", "pk": 135, "fields": {"sku": "AT-137", "product": 137, "available": true, "stock": 98, "price": "205.20", "hsn_code": null, "discounted_price": "171.00", "meta_title": "Buy Haya Attar Online In India - 5ml | Icon Perfumes", "meta_description": "Buy Haya Attar 5ml at Icon Perfumes. Long-lasting, alcohol-free fragrance. Perfect for daily wear. 100% original. Fast delivery across India.", "keywords": "", "slug": null, "index": true, "follow": true, "created_at": "2025-05-15T15:51:54.225", "updated_at": "2025-09-23T15:49:17.301", "notes": [546, 547, 548, 549, 358, 550, 399]}}, {"model": "mainapp.productvariant", "pk": 136, "fields": {"sku": "AT-138", "product": 138, "available": true, "stock": 98, "price": "205.20", "hsn_code": null, "discounted_price": "171.00", "meta_title": "Buy Yara Attar Online In India - 5ml | Icon Perfumes", "meta_description": "Buy Yara Attar 5ml at Icon Perfumes. Long-lasting, alcohol-free fragrance. Perfect for daily wear. 100% original. Fast delivery across India.", "keywords": "", "slug": null, "index": true, "follow": true, "created_at": "2025-05-15T15:51:54.285", "updated_at": "2025-09-23T15:54:05.983", "notes": [656, 497, 551, 634, 635, 636, 421, 422, 423, 424, 398]}}, {"model": "mainapp.productvariant", "pk": 137, "fields": {"sku": "AT-139", "product": 139, "available": true, "stock": 100, "price": "205.20", "hsn_code": null, "discounted_price": "171.00", "meta_title": "Buy Sanaya Attar Online In India - 5ml | Icon Perfumes", "meta_description": "Buy Sanaya Attar 5ml at Icon Perfumes. Long-lasting, alcohol-free fragrance. Perfect for daily wear. 100% original. Fast delivery across India.", "keywords": "", "slug": null, "index": true, "follow": true, "created_at": "2025-05-15T15:51:54.363", "updated_at": "2025-08-13T15:59:26.258", "notes": [656, 497, 498, 657, 405, 631, 426, 347, 499, 452, 358]}}, {"model": "mainapp.productvariant", "pk": 138, "fields": {"sku": "AT-140", "product": 140, "available": true, "stock": 97, "price": "205.20", "hsn_code": null, "discounted_price": "171.00", "meta_title": "Buy Rawdha Attar Online In India - 5ml | Icon Perfumes", "meta_description": "Buy Rawdha Attar 5ml at Icon Perfumes. Long-lasting, alcohol-free fragrance. Perfect for daily wear. 100% original. Fast delivery across India.", "keywords": "", "slug": null, "index": true, "follow": true, "created_at": "2025-05-15T15:51:54.443", "updated_at": "2025-08-13T15:59:26.234", "notes": [552, 426, 664, 631, 553, 554, 371, 399]}}, {"model": "mainapp.productvariant", "pk": 139, "fields": {"sku": "AT-141", "product": 141, "available": true, "stock": 98, "price": "205.20", "hsn_code": null, "discounted_price": "171.00", "meta_title": "Buy Khamrah Attar Online In India - 5ml | Icon Perfumes", "meta_description": "Buy Khamrah Attar 5ml at Icon Perfumes. Long-lasting, alcohol-free fragrance. Perfect for daily wear. 100% original. Fast delivery across India.", "keywords": "", "slug": null, "index": true, "follow": true, "created_at": "2025-05-15T15:51:54.522", "updated_at": "2025-10-06T16:26:25.732", "notes": [368, 644, 340, 665, 555, 556, 557, 560, 545, 561, 648, 558, 559]}}, {"model": "mainapp.productvariant", "pk": 140, "fields": {"sku": "AT-142", "product": 142, "available": true, "stock": 92, "price": "205.20", "hsn_code": null, "discounted_price": "171.00", "meta_title": "Buy Hania Attar Online In India - 5ml | Icon Perfumes", "meta_description": "Buy Hania Attar 5ml at Icon Perfumes. Long-lasting, alcohol-free fragrance. Perfect for daily wear. 100% original. Fast delivery across India.", "keywords": "", "slug": null, "index": true, "follow": true, "created_at": "2025-05-15T15:51:54.581", "updated_at": "2025-09-23T15:54:59.546", "notes": [562, 563, 564, 565, 666, 648, 347, 399]}}, {"model": "mainapp.productvariant", "pk": 141, "fields": {"sku": "AT-143", "product": 143, "available": true, "stock": 95, "price": "205.20", "hsn_code": null, "discounted_price": "171.00", "meta_title": "Buy Zara Attar Online In India - 5ml | Icon Perfumes", "meta_description": "Buy Zara Attar 5ml at Icon Perfumes. Long-lasting, alcohol-free fragrance. Perfect for daily wear. 100% original. Fast delivery across India.", "keywords": "", "slug": "zara-roll-on-attar-5ml-by-icon-perfume", "index": true, "follow": true, "created_at": "2025-05-15T15:51:54.644", "updated_at": "2026-03-14T01:26:59.667", "notes": [562, 340, 566, 567, 568, 347, 648, 399]}}, {"model": "mainapp.productvariant", "pk": 142, "fields": {"sku": "AT-144", "product": 144, "available": true, "stock": 97, "price": "205.20", "hsn_code": null, "discounted_price": "171.00", "meta_title": "Buy Swiss Firdaus Attar Online In India - 5ml | Icon Perfumes", "meta_description": "Buy Swiss Firdaus Attar 5ml at Icon Perfumes. Long-lasting, alcohol-free fragrance. Perfect for daily wear. 100% original. Fast delivery across India.", "keywords": "", "slug": null, "index": true, "follow": true, "created_at": "2025-05-15T15:51:54.714", "updated_at": "2025-10-06T16:30:38.400", "notes": [355, 377, 378, 379, 380, 381, 382, 569, 385, 383]}}, {"model": "mainapp.productvariant", "pk": 143, "fields": {"sku": "AT-145", "product": 145, "available": true, "stock": 98, "price": "205.20", "hsn_code": null, "discounted_price": "171.00", "meta_title": "Buy Magical Sky Attar Online In India - 5ml | Icon Perfumes", "meta_description": "Buy Magical Sky Attar 5ml at Icon Perfumes. Long-lasting, alcohol-free fragrance. Perfect for daily wear. 100% original. Fast delivery across India.", "keywords": "", "slug": null, "index": true, "follow": true, "created_at": "2025-05-15T15:51:54.784", "updated_at": "2025-08-16T11:57:11.107", "notes": [656, 667, 668, 630, 570, 370]}}, {"model": "mainapp.productvariant", "pk": 144, "fields": {"sku": "AT-146", "product": 146, "available": true, "stock": 100, "price": "205.20", "hsn_code": null, "discounted_price": "171.00", "meta_title": "Buy Pure Wonder Attar Online In India - 5ml | Icon Perfumes", "meta_description": "Buy Pure Wonder Attar 5ml at Icon Perfumes. Long-lasting, alcohol-free fragrance. Perfect for daily wear. 100% original. Fast delivery across India.", "keywords": "", "slug": null, "index": true, "follow": true, "created_at": "2025-05-15T15:51:54.843", "updated_at": "2025-10-06T16:34:15.506", "notes": [528, 527, 358]}}, {"model": "mainapp.productvariant", "pk": 145, "fields": {"sku": "AT-147", "product": 147, "available": true, "stock": 100, "price": "205.20", "hsn_code": null, "discounted_price": "171.00", "meta_title": "Buy Oudh Romentic Attar Online In India - 5ml | Icon Perfumes", "meta_description": "Buy Oudh Romentic Attar 5ml at Icon Perfumes. Long-lasting, alcohol-free fragrance. Perfect for daily wear. 100% original. Fast delivery across India.", "keywords": "", "slug": null, "index": true, "follow": true, "created_at": "2025-05-15T15:51:54.906", "updated_at": "2025-10-06T16:35:05.577", "notes": [488, 469, 343, 669]}}, {"model": "mainapp.productvariant", "pk": 146, "fields": {"sku": "AT-148", "product": 148, "available": true, "stock": 100, "price": "205.20", "hsn_code": null, "discounted_price": "171.00", "meta_title": "Buy Ceo Men Attar Online In India - 5ml | Icon Perfumes", "meta_description": "Buy CEO Men Attar 5ml at Icon Perfumes. Long-lasting, alcohol-free fragrance. Perfect for daily wear. 100% original. Fast delivery across India.", "keywords": "", "slug": null, "index": true, "follow": true, "created_at": "2025-05-15T15:51:54.975", "updated_at": "2025-09-13T12:51:34.843", "notes": [450, 426, 670, 341, 571, 572, 573, 574, 575, 545, 347, 453, 671]}}, {"model": "mainapp.productvariant", "pk": 147, "fields": {"sku": "AT-149", "product": 149, "available": true, "stock": 100, "price": "205.20", "hsn_code": null, "discounted_price": "171.00", "meta_title": "Buy Oudh Emirates Attar Online In India - 5ml | Icon Perfumes", "meta_description": "Buy Oudh Emirates Attar 5ml at Icon Perfumes. Long-lasting, alcohol-free fragrance. Perfect for daily wear. 100% original. Fast delivery across India.", "keywords": "", "slug": null, "index": true, "follow": true, "created_at": "2025-05-15T15:51:55.054", "updated_at": "2025-10-06T15:30:44.127", "notes": [538, 362, 627, 662, 399]}}, {"model": "mainapp.productvariant", "pk": 148, "fields": {"sku": "AT-150", "product": 150, "available": true, "stock": 100, "price": "205.20", "hsn_code": null, "discounted_price": "171.00", "meta_title": "Buy I-brize Attar Online In India - 5ml | Icon Perfumes", "meta_description": "Buy i-Brize Attar 5ml at Icon Perfumes. Long-lasting, alcohol-free fragrance. Perfect for daily wear. 100% original. Fast delivery across India.", "keywords": "", "slug": null, "index": true, "follow": true, "created_at": "2025-05-15T15:51:55.111", "updated_at": "2025-10-06T15:33:23.695", "notes": [562, 340, 566, 567, 568, 347, 648, 399]}}, {"model": "mainapp.productvariant", "pk": 188, "fields": {"sku": "AT-460", "product": 460, "available": true, "stock": 99, "price": "205.20", "hsn_code": null, "discounted_price": "171.00", "meta_title": "Buy Shiro Attar Online In India - 5ml | Icon Perfumes", "meta_description": "Buy Sihro Attar 5ml at Icon Perfumes. Long-lasting, alcohol-free fragrance. Perfect for daily wear. 100% original. Fast delivery across India.", "keywords": "", "slug": null, "index": true, "follow": true, "created_at": "2025-05-28T10:46:52.999", "updated_at": "2025-08-13T15:59:27.049", "notes": [577, 672, 463, 529, 413, 703, 545, 578]}}, {"model": "mainapp.productvariant", "pk": 214, "fields": {"sku": "LI-504", "product": 504, "available": true, "stock": 100, "price": "151.20", "hsn_code": null, "discounted_price": "126.00", "meta_title": "Gokul Limestick 100gm – Divine Fragrance For Pooja & Peace", "meta_description": "A calming fragrance of neroli, musk and amber. Perfect for pooja, a moment of spiritual calm, or adding a bit of grace to sacred rituals.", "keywords": "", "slug": null, "index": true, "follow": true, "created_at": "2025-06-13T10:58:59.402", "updated_at": "2025-09-13T12:51:08.918", "notes": [353, 354, 355, 356, 357, 358, 359, 360]}}, {"model": "mainapp.productvariant", "pk": 215, "fields": {"sku": "LI-505", "product": 505, "available": true, "stock": 100, "price": "151.20", "hsn_code": null, "discounted_price": "126.00", "meta_title": "Jannat-ul-firdaus Limestick 100gm-attar-inspired Spiritual Scent", "meta_description": "A timeless fragrance inspired by traditional attars—basil, woods, florals. Designed for divine moments, prayer, and enlightened ambience.", "keywords": "", "slug": null, "index": true, "follow": true, "created_at": "2025-06-13T10:58:59.459", "updated_at": "2025-09-13T12:50:43.068", "notes": [384, 385, 355, 377, 378, 379, 380, 381, 382, 383]}}, {"model": "mainapp.productvariant", "pk": 216, "fields": {"sku": "LI-506", "product": 506, "available": true, "stock": 100, "price": "151.20", "hsn_code": null, "discounted_price": "126.00", "meta_title": "Lavender Limestick 100gm–calming Aroma For Mindful Moments", "meta_description": "Soft floral hints of lavender, iris and oud comfort your space. A gentle scent for meditation and evening rituals.", "keywords": "", "slug": null, "index": true, "follow": true, "created_at": "2025-06-13T10:58:59.521", "updated_at": "2025-09-13T12:50:22.226", "notes": [704, 705, 706, 707, 371, 358, 408]}}, {"model": "mainapp.productvariant", "pk": 217, "fields": {"sku": "LI-507", "product": 507, "available": true, "stock": 100, "price": "151.20", "hsn_code": null, "discounted_price": "126.00", "meta_title": "Loban Limestick 100gm – Traditional Scent For Pooja & Havan", "meta_description": "From tradition in form, this sacred essence is frankincense and herbs is perfect for pooja, havan and creating a calming space.", "keywords": "", "slug": null, "index": true, "follow": true, "created_at": "2025-06-13T10:58:59.593", "updated_at": "2025-09-13T12:49:56.897", "notes": [708, 709, 710, 711, 712, 713, 714]}}, {"model": "mainapp.productvariant", "pk": 218, "fields": {"sku": "LI-508", "product": 508, "available": true, "stock": 100, "price": "151.20", "hsn_code": null, "discounted_price": "126.00", "meta_title": "Oudh Limestick 100gm–rich,luxurious Scent For Sacred Spaces", "meta_description": "An intense perfume of oud, sandalwood and bergamot, crafted for prayer settings, festive rituals, and deep spiritual calm.", "keywords": "", "slug": null, "index": true, "follow": true, "created_at": "2025-06-13T10:58:59.666", "updated_at": "2025-09-13T12:49:07.077", "notes": [655, 469, 715, 716, 717, 399]}}, {"model": "mainapp.productvariant", "pk": 219, "fields": {"sku": "LI-509", "product": 509, "available": true, "stock": 100, "price": "151.20", "hsn_code": null, "discounted_price": "126.00", "meta_title": "Rose Limestick 100gm–fresh Floral Touch For Prayer&ambience", "meta_description": "A soft elegant rose with hints of jasmine and spice. Perfect for pooja rooms, devotional use or just to uplift your everyday.", "keywords": "", "slug": null, "index": true, "follow": true, "created_at": "2025-06-13T10:58:59.736", "updated_at": "2025-09-13T12:48:47.301", "notes": [386, 387, 388, 389, 390]}}, {"model": "mainapp.productvariant", "pk": 220, "fields": {"sku": "LI-510", "product": 510, "available": true, "stock": 100, "price": "151.20", "hsn_code": null, "discounted_price": "126.00", "meta_title": "Sukhad Limestick 100gm – Soothing Aroma For Pooja", "meta_description": "A referring blend of woods and sweet herbs. Evokes calm and clarity, a lovely fragrance for sacred rituals and reflection of self.", "keywords": "", "slug": null, "index": true, "follow": true, "created_at": "2025-06-13T10:58:59.801", "updated_at": "2025-09-13T12:47:56.441", "notes": [387, 421, 422, 423, 424, 398, 634, 635, 636]}}, {"model": "mainapp.productvariant", "pk": 221, "fields": {"sku": "LI-511", "product": 511, "available": true, "stock": 90, "price": "151.20", "hsn_code": null, "discounted_price": "126.00", "meta_title": "Mogra Limestick 100gm – Floral Scent For Temple Use", "meta_description": "Delicate white florals with soft peach tones engage your senses. A divine fragrance for temple use, pooja, and a moments of soft peace.", "keywords": "", "slug": null, "index": true, "follow": true, "created_at": "2025-06-13T10:58:59.857", "updated_at": "2025-09-13T12:48:17.742", "notes": [392, 353, 393, 391]}}, {"model": "mainapp.productvariant", "pk": 222, "fields": {"sku": "RO-222", "product": 512, "available": true, "stock": 97, "price": "820.00", "hsn_code": null, "discounted_price": "499.00", "meta_title": "Royal Attar Gift Set – H9MK Edition | Icon Perfumes India", "meta_description": "Unveil the Royal Attar Gift Set - H9MK Edition by Icon Perfumes. Includes Hania, 9PM, Magical Sky & Khamrah attars. A perfect luxury gift for him & her.", "keywords": "Royal Attar Gift Set, Attar Gift Box, Luxury Attar Gift Set, Icon Perfumes India, Attar Gift Set India, Luxury Attar Gift Box, Non Alcoholic Attar, Icon Perfumes, Luxury Attar Gift Set, Attar Gift Box, Non Alcoholic Attar, Long Lasting Attar, Indian Attar Perfume, Attar for Men and Women, Icon Perfumes Gift Set, Premium Attar Collection, Khamrah Attar, Hania Attar, 9PM Attar, Magical Sky Attar", "slug": "royal-attar-gift-set-h9mk-edition", "index": true, "follow": true, "created_at": "2025-10-14T18:05:54.858", "updated_at": "2026-03-14T01:26:59.683", "notes": []}}, {"model": "mainapp.productvariant", "pk": 223, "fields": {"sku": "RO-223", "product": 513, "available": true, "stock": 92, "price": "820.00", "hsn_code": null, "discounted_price": "499.00", "meta_title": "Royal Attar Gift Set – SSZO Edition | Luxury Attars by Icon Perfumes", "meta_description": "Explore the Royal Attar Gift Set – SSZO Edition by Icon Perfumes. Includes Sanaya, Shiro, Zara Gold & Oudh Romantic attars. A perfect luxury gift for all occasions.", "keywords": "Attar Gift Set India, Royal Attar Collection, Luxury Perfume Gift Set, Icon Perfumes, Luxury Attar Gift Set, Attar Gift Box, Non Alcoholic Attar, Indian Attar Perfume, Long Lasting Attar, Attar for Men and Women, Oudh Attar, Icon Perfumes Gift Set", "slug": "royal-attar-gift-set-sszo-edition", "index": true, "follow": true, "created_at": "2025-10-14T18:07:45.737", "updated_at": "2026-03-21T18:22:36.043", "notes": []}}, {"model": "mainapp.productvariant", "pk": 224, "fields": {"sku": "HA-224", "product": 514, "available": true, "stock": 95, "price": "205.00", "hsn_code": null, "discounted_price": "171.00", "meta_title": "Hawas Roll-On Attar 5ml | Long-Lasting Unisex Attar by Icon Perfumes", "meta_description": "Discover Hawas Roll-On Attar by Icon Perfumes – a long-lasting, non-alcoholic unisex fragrance with fresh, sensual and luxurious notes.", "keywords": "Hawas Attar, Hawas Perfume, Long Lasting Attar, Unisex Attar, Non Alcoholic Attar, Icon Perfumes, Best Attar for Men and Women, Arabic Attar, Luxury Attar, Fresh Attar Fragrance, Hawas Roll On Attar", "slug": "hawas-roll-on-attar-5ml", "index": true, "follow": true, "created_at": "2025-10-17T17:24:48.636", "updated_at": "2026-03-21T18:22:36.052", "notes": []}}, {"model": "mainapp.productimage", "pk": 72, "fields": {"image": "product_images/9Pm.webp", "variant": 133, "alt_tag": null}}, {"model": "mainapp.productimage", "pk": 73, "fields": {"image": "product_images/CEO_Man.webp", "variant": 146, "alt_tag": null}}, {"model": "mainapp.productimage", "pk": 74, "fields": {"image": "product_images/Shiro_5ML.webp", "variant": 188, "alt_tag": null}}, {"model": "mainapp.productimage", "pk": 76, "fields": {"image": "product_images/Gokul.webp", "variant": 214, "alt_tag": null}}, {"model": "mainapp.productimage", "pk": 77, "fields": {"image": "product_images/Rose.webp", "variant": 219, "alt_tag": null}}, {"model": "mainapp.productimage", "pk": 78, "fields": {"image": "product_images/Oudh.webp", "variant": 218, "alt_tag": null}}, {"model": "mainapp.productimage", "pk": 79, "fields": {"image": "product_images/Loban.webp", "variant": 217, "alt_tag": null}}, {"model": "mainapp.productimage", "pk": 80, "fields": {"image": "product_images/Lavender.webp", "variant": 216, "alt_tag": null}}, {"model": "mainapp.productimage", "pk": 81, "fields": {"image": "product_images/Jannat-ul-Fidaus.webp", "variant": 215, "alt_tag": null}}, {"model": "mainapp.productimage", "pk": 90, "fields": {"image": "product_images/Mogra.webp", "variant": 221, "alt_tag": null}}, {"model": "mainapp.productimage", "pk": 91, "fields": {"image": "product_images/Sukhad.webp", "variant": 220, "alt_tag": null}}, {"model": "mainapp.productimage", "pk": 92, "fields": {"image": "product_images/Oud_Vanilla_5ML.webp", "variant": 134, "alt_tag": null}}, {"model": "mainapp.productimage", "pk": 93, "fields": {"image": "product_images/Rawdha_5ML.webp", "variant": 138, "alt_tag": null}}, {"model": "mainapp.productimage", "pk": 94, "fields": {"image": "product_images/Magical_Sky_5ML.webp", "variant": 143, "alt_tag": null}}, {"model": "mainapp.productimage", "pk": 95, "fields": {"image": "product_images/sanaya_5ML.webp", "variant": 137, "alt_tag": null}}, {"model": "mainapp.productimage", "pk": 96, "fields": {"image": "product_images/Icon_Blue_6ML.webp", "variant": 86, "alt_tag": null}}, {"model": "mainapp.productimage", "pk": 97, "fields": {"image": "product_images/Blue_berry_6ML.jpg", "variant": 99, "alt_tag": null}}, {"model": "mainapp.productimage", "pk": 98, "fields": {"image": "product_images/White_Oudh_6ML.webp", "variant": 132, "alt_tag": null}}, {"model": "mainapp.productimage", "pk": 99, "fields": {"image": "product_images/Mukhallat_6ML.webp", "variant": 130, "alt_tag": null}}, {"model": "mainapp.productimage", "pk": 100, "fields": {"image": "product_images/Musk_Safi_6ML.webp", "variant": 129, "alt_tag": null}}, {"model": "mainapp.productimage", "pk": 101, "fields": {"image": "product_images/Suzan_6ML.webp", "variant": 128, "alt_tag": null}}, {"model": "mainapp.productimage", "pk": 102, "fields": {"image": "product_images/Rose_and_saffron_6ML.webp", "variant": 127, "alt_tag": null}}, {"model": "mainapp.productimage", "pk": 103, "fields": {"image": "product_images/Amir_6ML.webp", "variant": 125, "alt_tag": null}}, {"model": "mainapp.productimage", "pk": 104, "fields": {"image": "product_images/London_Night_6ML.webp", "variant": 87, "alt_tag": null}}, {"model": "mainapp.productimage", "pk": 105, "fields": {"image": "product_images/XXS_6ML.webp", "variant": 89, "alt_tag": null}}, {"model": "mainapp.productimage", "pk": 106, "fields": {"image": "product_images/Jannat_Ul_Firdous_6ML.webp", "variant": 91, "alt_tag": null}}, {"model": "mainapp.productimage", "pk": 107, "fields": {"image": "product_images/Rose_6ML.webp", "variant": 92, "alt_tag": null}}, {"model": "mainapp.productimage", "pk": 108, "fields": {"image": "product_images/Mogra_6ML.webp", "variant": 93, "alt_tag": null}}, {"model": "mainapp.productimage", "pk": 109, "fields": {"image": "product_images/Zam_Zam_6ML.webp", "variant": 94, "alt_tag": null}}, {"model": "mainapp.productimage", "pk": 110, "fields": {"image": "product_images/24_carat_6ML.webp", "variant": 114, "alt_tag": null}}, {"model": "mainapp.productimage", "pk": 111, "fields": {"image": "product_images/Neck_6ML.webp", "variant": 115, "alt_tag": null}}, {"model": "mainapp.productimage", "pk": 112, "fields": {"image": "product_images/jumerah_6ML.webp", "variant": 116, "alt_tag": null}}, {"model": "mainapp.productimage", "pk": 113, "fields": {"image": "product_images/Love_Forever_6ML.webp", "variant": 107, "alt_tag": null}}, {"model": "mainapp.productimage", "pk": 114, "fields": {"image": "product_images/Safari_6ML.webp", "variant": 118, "alt_tag": null}}, {"model": "mainapp.productimage", "pk": 115, "fields": {"image": "product_images/Majmua_6ML.webp", "variant": 131, "alt_tag": null}}, {"model": "mainapp.productimage", "pk": 116, "fields": {"image": "product_images/Something_Different_6ML.webp", "variant": 100, "alt_tag": null}}, {"model": "mainapp.productimage", "pk": 117, "fields": {"image": "product_images/CH-MEN_6ML.webp", "variant": 101, "alt_tag": null}}, {"model": "mainapp.productimage", "pk": 118, "fields": {"image": "product_images/Sukhad_6ML.webp", "variant": 102, "alt_tag": null}}, {"model": "mainapp.productimage", "pk": 119, "fields": {"image": "product_images/Musk_Abiyad_6ML.webp", "variant": 104, "alt_tag": null}}, {"model": "mainapp.productimage", "pk": 120, "fields": {"image": "product_images/WHite_London_6ML.webp", "variant": 96, "alt_tag": null}}, {"model": "mainapp.productimage", "pk": 121, "fields": {"image": "product_images/Aseel_6ML.webp", "variant": 97, "alt_tag": null}}, {"model": "mainapp.productimage", "pk": 122, "fields": {"image": "product_images/Oudh_Sums_6ML.webp", "variant": 120, "alt_tag": null}}, {"model": "mainapp.productimage", "pk": 123, "fields": {"image": "product_images/Icon_Figo_6ML.webp", "variant": 121, "alt_tag": null}}, {"model": "mainapp.productimage", "pk": 124, "fields": {"image": "product_images/White_Musk_6ML.webp", "variant": 98, "alt_tag": null}}, {"model": "mainapp.productimage", "pk": 125, "fields": {"image": "product_images/Icon_Open_6ML_1.webp", "variant": 122, "alt_tag": null}}, {"model": "mainapp.productimage", "pk": 126, "fields": {"image": "product_images/Signature_6ML.webp", "variant": 123, "alt_tag": null}}, {"model": "mainapp.productimage", "pk": 127, "fields": {"image": "product_images/Icon_Propecy_6ML.webp", "variant": 105, "alt_tag": null}}, {"model": "mainapp.productimage", "pk": 128, "fields": {"image": "product_images/La_PAison_6ML.webp", "variant": 106, "alt_tag": null}}, {"model": "mainapp.productimage", "pk": 129, "fields": {"image": "product_images/Haya__5ML.webp", "variant": 135, "alt_tag": null}}, {"model": "mainapp.productimage", "pk": 130, "fields": {"image": "product_images/Yara_5ML.webp", "variant": 136, "alt_tag": null}}, {"model": "mainapp.productimage", "pk": 131, "fields": {"image": "product_images/Hania_5ML.webp", "variant": 140, "alt_tag": null}}, {"model": "mainapp.productimage", "pk": 132, "fields": {"image": "product_images/Jawad_al_oud_6ML.webp", "variant": 109, "alt_tag": null}}, {"model": "mainapp.productimage", "pk": 133, "fields": {"image": "product_images/Magnet_6ML.webp", "variant": 110, "alt_tag": null}}, {"model": "mainapp.productimage", "pk": 134, "fields": {"image": "product_images/Sabaya_6ML.webp", "variant": 111, "alt_tag": null}}, {"model": "mainapp.productimage", "pk": 135, "fields": {"image": "product_images/Rich_6ML.webp", "variant": 113, "alt_tag": null}}, {"model": "mainapp.productimage", "pk": 136, "fields": {"image": "product_images/Reed_6ML.webp", "variant": 124, "alt_tag": null}}, {"model": "mainapp.productimage", "pk": 137, "fields": {"image": "product_images/Chocolate_Mushk_6ML.webp", "variant": 84, "alt_tag": null}}, {"model": "mainapp.productimage", "pk": 138, "fields": {"image": "product_images/Ice_berg_6ML.webp", "variant": 85, "alt_tag": null}}, {"model": "mainapp.productimage", "pk": 139, "fields": {"image": "product_images/Ameer_Ai_Qudh.webp", "variant": 88, "alt_tag": null}}, {"model": "mainapp.productimage", "pk": 140, "fields": {"image": "product_images/ZXX_6ML.webp", "variant": 90, "alt_tag": null}}, {"model": "mainapp.productimage", "pk": 141, "fields": {"image": "product_images/Arba_Wardat_6ML.webp", "variant": 95, "alt_tag": null}}, {"model": "mainapp.productimage", "pk": 142, "fields": {"image": "product_images/Kasturi_6ML.webp", "variant": 103, "alt_tag": null}}, {"model": "mainapp.productimage", "pk": 143, "fields": {"image": "product_images/Velvet_6ML.webp", "variant": 108, "alt_tag": null}}, {"model": "mainapp.productimage", "pk": 144, "fields": {"image": "product_images/9898_6ML.webp", "variant": 112, "alt_tag": null}}, {"model": "mainapp.productimage", "pk": 145, "fields": {"image": "product_images/Feelings_6ML.webp", "variant": 117, "alt_tag": null}}, {"model": "mainapp.productimage", "pk": 146, "fields": {"image": "product_images/Deep_Black_6ML.webp", "variant": 119, "alt_tag": null}}, {"model": "mainapp.productimage", "pk": 147, "fields": {"image": "product_images/Silent_6ML.webp", "variant": 126, "alt_tag": null}}, {"model": "mainapp.productimage", "pk": 148, "fields": {"image": "product_images/Oudh_Emirates_5ML.webp", "variant": 147, "alt_tag": null}}, {"model": "mainapp.productimage", "pk": 149, "fields": {"image": "product_images/I-Brize_5ML.webp", "variant": 148, "alt_tag": null}}, {"model": "mainapp.productimage", "pk": 150, "fields": {"image": "product_images/Khamrah_5ML.webp", "variant": 139, "alt_tag": null}}, {"model": "mainapp.productimage", "pk": 151, "fields": {"image": "product_images/Zara_5ML.webp", "variant": 141, "alt_tag": null}}, {"model": "mainapp.productimage", "pk": 152, "fields": {"image": "product_images/Swiss_Firdaus_5ML.webp", "variant": 142, "alt_tag": null}}, {"model": "mainapp.productimage", "pk": 153, "fields": {"image": "product_images/Pure_Wonder_5ML.webp", "variant": 144, "alt_tag": null}}, {"model": "mainapp.productimage", "pk": 154, "fields": {"image": "product_images/Oudh_Romantic_5ML.webp", "variant": 145, "alt_tag": null}}, {"model": "mainapp.productimage", "pk": 158, "fields": {"image": "product_images/2_NLxudhr.png", "variant": 222, "alt_tag": null}}, {"model": "mainapp.productimage", "pk": 159, "fields": {"image": "product_images/1.png", "variant": 223, "alt_tag": null}}, {"model": "mainapp.productimage", "pk": 160, "fields": {"image": "product_images/Hawas_ZgUrHd1.jpg", "variant": 224, "alt_tag": null}}, {"model": "mainapp.cart", "pk": 15, "fields": {"user": ["9892993475"], "variant": 106, "quantity": 1, "price_after_discount": "0.00", "created_at": "2025-05-17T16:30:37.526", "updated_at": "2025-05-17T16:30:37.526"}}, {"model": "mainapp.cart", "pk": 34, "fields": {"user": ["9892993475"], "variant": 141, "quantity": 1, "price_after_discount": "0.00", "created_at": "2025-05-30T11:18:14.891", "updated_at": "2025-05-30T11:18:14.894"}}, {"model": "mainapp.cart", "pk": 47, "fields": {"user": ["9898899889"], "variant": 135, "quantity": 2, "price_after_discount": "0.00", "created_at": "2025-08-11T15:55:08.990", "updated_at": "2025-08-11T15:55:09.001"}}, {"model": "mainapp.cart", "pk": 72, "fields": {"user": ["9090909090"], "variant": 143, "quantity": 1, "price_after_discount": "0.00", "created_at": "2025-08-13T16:42:05.984", "updated_at": "2025-08-13T16:42:05.987"}}, {"model": "mainapp.cart", "pk": 73, "fields": {"user": ["9892993471"], "variant": 133, "quantity": 1, "price_after_discount": "0.00", "created_at": "2025-08-13T17:06:16.112", "updated_at": "2025-08-13T17:06:16.112"}}, {"model": "mainapp.cart", "pk": 80, "fields": {"user": ["9327201570"], "variant": 221, "quantity": 1, "price_after_discount": "0.00", "created_at": "2025-08-16T17:30:46.864", "updated_at": "2025-08-16T18:03:37.649"}}, {"model": "mainapp.cart", "pk": 81, "fields": {"user": ["9892993471"], "variant": 188, "quantity": 2, "price_after_discount": "0.00", "created_at": "2025-08-18T10:31:40.434", "updated_at": "2025-08-18T12:08:36.950"}}, {"model": "mainapp.cart", "pk": 95, "fields": {"user": ["7887483249"], "variant": 139, "quantity": 1, "price_after_discount": "0.00", "created_at": "2025-09-18T09:25:21.293", "updated_at": "2025-09-18T09:25:21.293"}}, {"model": "mainapp.cart", "pk": 97, "fields": {"user": ["7887483249"], "variant": 117, "quantity": 1, "price_after_discount": "0.00", "created_at": "2025-09-18T09:29:28.110", "updated_at": "2025-09-18T09:29:28.110"}}, {"model": "mainapp.cart", "pk": 98, "fields": {"user": ["7887483249"], "variant": 137, "quantity": 1, "price_after_discount": "0.00", "created_at": "2025-09-18T09:29:46.954", "updated_at": "2025-09-18T09:29:46.954"}}, {"model": "mainapp.cart", "pk": 99, "fields": {"user": ["7887483249"], "variant": 145, "quantity": 1, "price_after_discount": "0.00", "created_at": "2025-09-18T09:29:57.740", "updated_at": "2025-09-18T09:29:57.740"}}, {"model": "mainapp.cart", "pk": 100, "fields": {"user": ["7887483249"], "variant": 111, "quantity": 1, "price_after_discount": "0.00", "created_at": "2025-09-18T09:30:06.777", "updated_at": "2025-09-18T09:30:06.777"}}, {"model": "mainapp.cart", "pk": 101, "fields": {"user": ["7887483249"], "variant": 188, "quantity": 1, "price_after_discount": "0.00", "created_at": "2025-09-18T09:31:11.075", "updated_at": "2025-09-18T09:31:11.075"}}, {"model": "mainapp.cart", "pk": 102, "fields": {"user": ["7887483249"], "variant": 218, "quantity": 1, "price_after_discount": "0.00", "created_at": "2025-09-18T09:32:59.164", "updated_at": "2025-09-18T09:32:59.164"}}, {"model": "mainapp.cart", "pk": 103, "fields": {"user": ["7887483249"], "variant": 216, "quantity": 1, "price_after_discount": "0.00", "created_at": "2025-09-18T09:35:43.754", "updated_at": "2025-09-18T09:35:43.754"}}, {"model": "mainapp.cart", "pk": 104, "fields": {"user": ["9725680994"], "variant": 139, "quantity": 1, "price_after_discount": "0.00", "created_at": "2025-09-18T13:18:35.973", "updated_at": "2025-09-18T13:18:35.973"}}, {"model": "mainapp.cart", "pk": 107, "fields": {"user": ["9725680994"], "variant": 133, "quantity": 1, "price_after_discount": "0.00", "created_at": "2025-09-18T13:21:22.811", "updated_at": "2025-09-18T13:21:22.811"}}, {"model": "mainapp.cart", "pk": 108, "fields": {"user": ["9725680994"], "variant": 188, "quantity": 1, "price_after_discount": "0.00", "created_at": "2025-09-18T13:26:41.088", "updated_at": "2025-09-18T13:26:41.088"}}, {"model": "mainapp.cart", "pk": 109, "fields": {"user": ["8200381950"], "variant": 102, "quantity": 1, "price_after_discount": "0.00", "created_at": "2025-09-23T15:33:20.112", "updated_at": "2025-09-23T15:33:20.112"}}, {"model": "mainapp.cart", "pk": 110, "fields": {"user": ["8299249275"], "variant": 132, "quantity": 2, "price_after_discount": "0.00", "created_at": "2025-09-23T17:12:35.729", "updated_at": "2025-09-23T17:12:35.729"}}, {"model": "mainapp.cart", "pk": 111, "fields": {"user": ["8299249275"], "variant": 88, "quantity": 1, "price_after_discount": "0.00", "created_at": "2025-09-23T17:12:59.457", "updated_at": "2025-09-23T17:12:59.457"}}, {"model": "mainapp.cart", "pk": 112, "fields": {"user": ["8299249275"], "variant": 216, "quantity": 1, "price_after_discount": "0.00", "created_at": "2025-09-23T17:15:08.878", "updated_at": "2025-09-23T17:15:08.878"}}, {"model": "mainapp.cart", "pk": 113, "fields": {"user": ["8299249275"], "variant": 188, "quantity": 1, "price_after_discount": "0.00", "created_at": "2025-09-23T17:16:29.053", "updated_at": "2025-09-23T17:16:29.053"}}, {"model": "mainapp.cart", "pk": 116, "fields": {"user": ["8200381950"], "variant": 139, "quantity": 1, "price_after_discount": "0.00", "created_at": "2025-10-06T13:18:36.751", "updated_at": "2025-10-06T13:18:36.751"}}, {"model": "mainapp.cart", "pk": 117, "fields": {"user": ["7014402294"], "variant": 129, "quantity": 2, "price_after_discount": "0.00", "created_at": "2025-10-07T00:12:17.928", "updated_at": "2025-10-07T00:13:23.593"}}, {"model": "mainapp.cart", "pk": 118, "fields": {"user": ["7014402294"], "variant": 114, "quantity": 1, "price_after_discount": "0.00", "created_at": "2025-10-07T00:12:17.934", "updated_at": "2025-10-07T00:12:41.207"}}, {"model": "mainapp.cart", "pk": 119, "fields": {"user": ["7014402294"], "variant": 139, "quantity": 1, "price_after_discount": "0.00", "created_at": "2025-10-07T00:12:17.939", "updated_at": "2025-10-07T00:12:42.801"}}, {"model": "mainapp.cart", "pk": 126, "fields": {"user": ["7391015533"], "variant": 224, "quantity": 1, "price_after_discount": "0.00", "created_at": "2025-10-19T15:06:39.686", "updated_at": "2025-10-19T15:06:39.686"}}, {"model": "mainapp.cart", "pk": 127, "fields": {"user": ["7391015533"], "variant": 139, "quantity": 1, "price_after_discount": "0.00", "created_at": "2025-10-19T15:06:58.038", "updated_at": "2025-10-19T15:06:58.038"}}, {"model": "mainapp.cart", "pk": 128, "fields": {"user": ["7391015533"], "variant": 133, "quantity": 1, "price_after_discount": "0.00", "created_at": "2025-10-19T15:07:21.953", "updated_at": "2025-10-19T15:07:21.953"}}, {"model": "mainapp.cart", "pk": 130, "fields": {"user": ["8052528861"], "variant": 222, "quantity": 2, "price_after_discount": "0.00", "created_at": "2025-10-23T20:46:30.388", "updated_at": "2025-10-23T20:46:30.400"}}, {"model": "mainapp.cart", "pk": 135, "fields": {"user": ["8534854316"], "variant": 222, "quantity": 1, "price_after_discount": "0.00", "created_at": "2025-11-02T17:50:12.437", "updated_at": "2025-11-02T17:50:12.437"}}, {"model": "mainapp.cart", "pk": 141, "fields": {"user": ["9412366169"], "variant": 222, "quantity": 1, "price_after_discount": "0.00", "created_at": "2025-11-13T23:11:52.051", "updated_at": "2025-11-15T12:32:52.773"}}, {"model": "mainapp.cart", "pk": 145, "fields": {"user": ["7006647882"], "variant": 224, "quantity": 1, "price_after_discount": "0.00", "created_at": "2025-11-16T22:42:37.266", "updated_at": "2025-11-27T21:08:20.229"}}, {"model": "mainapp.cart", "pk": 146, "fields": {"user": ["8191968444"], "variant": 222, "quantity": 1, "price_after_discount": "0.00", "created_at": "2025-11-18T13:11:03.553", "updated_at": "2025-11-18T13:11:14.684"}}, {"model": "mainapp.cart", "pk": 148, "fields": {"user": ["7006647882"], "variant": 139, "quantity": 1, "price_after_discount": "0.00", "created_at": "2025-11-24T18:39:14.889", "updated_at": "2025-11-27T21:08:27.446"}}, {"model": "mainapp.cart", "pk": 149, "fields": {"user": ["7006647882"], "variant": 124, "quantity": 1, "price_after_discount": "0.00", "created_at": "2025-11-27T21:07:59.400", "updated_at": "2025-11-27T21:07:59.400"}}, {"model": "mainapp.cart", "pk": 150, "fields": {"user": ["7006647882"], "variant": 141, "quantity": 1, "price_after_discount": "0.00", "created_at": "2025-11-27T21:11:21.201", "updated_at": "2025-11-27T21:11:21.201"}}, {"model": "mainapp.cart", "pk": 155, "fields": {"user": ["9999999999"], "variant": 142, "quantity": 4, "price_after_discount": "0.00", "created_at": "2025-11-28T19:24:59.003", "updated_at": "2025-11-28T20:32:34.525"}}, {"model": "mainapp.cart", "pk": 156, "fields": {"user": ["8140277661"], "variant": 224, "quantity": 4, "price_after_discount": "0.00", "created_at": "2025-11-28T19:25:15.586", "updated_at": "2025-11-28T19:29:43.421"}}, {"model": "mainapp.cart", "pk": 157, "fields": {"user": ["8140277661"], "variant": 145, "quantity": 1, "price_after_discount": "0.00", "created_at": "2025-11-28T19:25:18.102", "updated_at": "2025-11-28T19:25:18.102"}}, {"model": "mainapp.cart", "pk": 158, "fields": {"user": ["8140277661"], "variant": 144, "quantity": 1, "price_after_discount": "0.00", "created_at": "2025-11-28T19:25:22.323", "updated_at": "2025-11-28T19:25:22.323"}}, {"model": "mainapp.cart", "pk": 159, "fields": {"user": ["9999999999"], "variant": 224, "quantity": 4, "price_after_discount": "0.00", "created_at": "2025-11-28T19:34:28.824", "updated_at": "2025-11-28T20:29:00.744"}}, {"model": "mainapp.cart", "pk": 160, "fields": {"user": ["9999999999"], "variant": 222, "quantity": 2, "price_after_discount": "0.00", "created_at": "2025-11-28T20:05:48.029", "updated_at": "2025-11-28T20:37:06.294"}}, {"model": "mainapp.cart", "pk": 162, "fields": {"user": ["9712063836"], "variant": 102, "quantity": 1, "price_after_discount": "0.00", "created_at": "2025-11-28T21:02:37.598", "updated_at": "2025-11-28T21:02:37.598"}}, {"model": "mainapp.cart", "pk": 171, "fields": {"user": ["0999837755"], "variant": 188, "quantity": 1, "price_after_discount": "0.00", "created_at": "2026-03-08T23:40:24.674", "updated_at": "2026-03-08T23:40:24.674"}}, {"model": "mainapp.cart", "pk": 172, "fields": {"user": ["0999837755"], "variant": 223, "quantity": 1, "price_after_discount": "0.00", "created_at": "2026-03-08T23:43:02.333", "updated_at": "2026-03-08T23:43:02.333"}}, {"model": "mainapp.cart", "pk": 173, "fields": {"user": ["0999837755"], "variant": 222, "quantity": 1, "price_after_discount": "0.00", "created_at": "2026-03-08T23:43:04.601", "updated_at": "2026-03-08T23:43:04.601"}}, {"model": "mainapp.cart", "pk": 174, "fields": {"user": ["0999837755"], "variant": 224, "quantity": 1, "price_after_discount": "0.00", "created_at": "2026-03-09T00:05:24.472", "updated_at": "2026-03-09T00:05:24.472"}}, {"model": "mainapp.cart", "pk": 175, "fields": {"user": ["0999837755"], "variant": 142, "quantity": 1, "price_after_discount": "0.00", "created_at": "2026-03-09T00:07:13.075", "updated_at": "2026-03-09T00:07:13.075"}}, {"model": "mainapp.cart", "pk": 176, "fields": {"user": ["9696969696"], "variant": 223, "quantity": 1, "price_after_discount": "0.00", "created_at": "2026-03-10T14:23:39.088", "updated_at": "2026-03-10T14:23:39.113"}}, {"model": "mainapp.cart", "pk": 177, "fields": {"user": ["9696969696"], "variant": 222, "quantity": 1, "price_after_discount": "0.00", "created_at": "2026-03-10T14:23:53.436", "updated_at": "2026-03-10T14:23:53.436"}}, {"model": "mainapp.cart", "pk": 178, "fields": {"user": ["7048796234"], "variant": 223, "quantity": 4, "price_after_discount": "0.00", "created_at": "2026-03-10T22:43:17.263", "updated_at": "2026-03-19T16:51:41.427"}}, {"model": "mainapp.cart", "pk": 179, "fields": {"user": ["7048786234"], "variant": 222, "quantity": 4, "price_after_discount": "0.00", "created_at": "2026-03-14T01:26:06.993", "updated_at": "2026-03-18T23:47:35.498"}}, {"model": "mainapp.cart", "pk": 180, "fields": {"user": ["7048786234"], "variant": 223, "quantity": 5, "price_after_discount": "0.00", "created_at": "2026-03-14T01:26:09.641", "updated_at": "2026-03-18T23:47:33.547"}}, {"model": "mainapp.cart", "pk": 182, "fields": {"user": ["7048796234"], "variant": 224, "quantity": 2, "price_after_discount": "0.00", "created_at": "2026-03-19T16:51:32.074", "updated_at": "2026-03-19T16:51:41.437"}}, {"model": "mainapp.cart", "pk": 183, "fields": {"user": ["5556575859"], "variant": 223, "quantity": 5, "price_after_discount": "0.00", "created_at": "2026-03-21T00:55:52.366", "updated_at": "2026-03-21T18:21:38.045"}}, {"model": "mainapp.cart", "pk": 184, "fields": {"user": ["5556575859"], "variant": 224, "quantity": 1, "price_after_discount": "0.00", "created_at": "2026-03-21T00:55:57.666", "updated_at": "2026-03-21T00:55:57.666"}}, {"model": "mainapp.promotion", "pk": 1, "fields": {"coupon_code": "GRAB50", "promotion_type": "product", "usage_count": 0, "max_usage": 1, "discount_type": "amount", "discount_value": "10.00", "product_variant": 134, "tag_line": "Grab 50 % off on Oudh Vanila 5ml Attar", "start_date": "2025-11-04T10:32:11", "end_date": "2025-11-07T10:32:06", "is_active": false}}, {"model": "mainapp.order", "pk": 109, "fields": {"address": "Green Oasis Residence, Kalyani Nagar, Pune", "awb_code": null, "city": "Pune", "country": "India", "created_at": "2025-09-12T14:28:19.315", "discount": "0.00", "email": "komalmore549@gmail.com", "edd": null, "final_price": "1134.00", "gst": "0.00", "invoice": "invoices/invoice_109_12092025143055.pdf", "is_new": false, "label": "", "manifest": "", "name": "Komal M", "order_date": "2025-09-12T14:28:19.315", "order_number": "ICP261292025109", "order_status": "Delivered", "phone_number": "+91 7887483249", "pincode": "411006", "pickup_schedule_date": null, "pickup_token_number": null, "payment_status": "Paid", "payment_method": "ONLINE", "pickup_status": null, "state": "Maharashtra", "sub_total": "1134.00", "shipping_charges": "0.00", "courier_company_id": "225", "courier_company": "India Post-Business Parcel Surface Prepaid", "shiprocket_order_id": null, "shiprocket_invoice": "", "shipment_id": null, "tracking_link": null, "transaction_id": "ICP20250912591OUPSB", "user": ["7887483249"], "updated_at": "2025-10-07T12:04:20.361"}}, {"model": "mainapp.order", "pk": 112, "fields": {"address": "Bajarada ધંધુકા Ahmdabad", "awb_code": null, "city": "Ahmedabad", "country": "India", "created_at": "2025-09-13T12:33:26.012", "discount": "0.00", "email": "sanghariyatarif090880@gmail.com", "edd": null, "final_price": "216.00", "gst": "0.00", "invoice": "invoices/invoice_112_13092025123403.pdf", "is_new": true, "label": "", "manifest": "", "name": "Sanghariyat arif", "order_date": "2025-09-13T12:33:26.012", "order_number": "ICP271392025112", "order_status": "Confirmed", "phone_number": "+91 9725680994", "pincode": "382460", "pickup_schedule_date": null, "pickup_token_number": null, "payment_status": "Paid", "payment_method": "Prepaid", "pickup_status": null, "state": "Gujarat", "sub_total": "171.00", "shipping_charges": "45.00", "courier_company_id": "142", "courier_company": "Amazon Prepaid Surface 500g", "shiprocket_order_id": null, "shiprocket_invoice": "", "shipment_id": null, "tracking_link": null, "transaction_id": "ICP20250913210OCRKT", "user": ["9725680994"], "updated_at": "2025-09-13T12:34:03.840"}}, {"model": "mainapp.order", "pk": 114, "fields": {"address": "20h/2t/4 gtb nagar Kareli prayagraj", "awb_code": null, "city": "Prayagraj (Allahabad)", "country": "India", "created_at": "2025-09-16T23:44:16.733", "discount": "0.00", "email": "zulquarnainsiddiqui6383@gmail.com", "edd": null, "final_price": "387.00", "gst": "0.00", "invoice": "invoices/invoice_114_16092025234500.pdf", "is_new": true, "label": "", "manifest": "", "name": "ZULQURNAIN ", "order_date": "2025-09-16T23:44:16.734", "order_number": "ICP281692025114", "order_status": "Confirmed", "phone_number": "+91 8299249275", "pincode": "211016", "pickup_schedule_date": null, "pickup_token_number": null, "payment_status": "Paid", "payment_method": "Prepaid", "pickup_status": null, "state": "Uttar Pradesh", "sub_total": "342.00", "shipping_charges": "45.00", "courier_company_id": "142", "courier_company": "Amazon Prepaid Surface 500g", "shiprocket_order_id": null, "shiprocket_invoice": "", "shipment_id": null, "tracking_link": null, "transaction_id": "ICP20250916101LKTTJ", "user": ["8299249275"], "updated_at": "2025-09-16T23:45:00.451"}}, {"model": "mainapp.order", "pk": 115, "fields": {"address": "A1, Zed Duplex, Imran park, behind Soheb park, Opp. Emmad heights, T.p. 85 road, Sarkhej road", "awb_code": null, "city": "Ahmedabad", "country": "India", "created_at": "2025-10-04T01:25:39.700", "discount": "0.00", "email": "mushir.gandhi9@gmail.com", "edd": null, "final_price": "297.00", "gst": "0.00", "invoice": "invoices/invoice_115_04102025012612.pdf", "is_new": false, "label": "", "manifest": "", "name": "Mushir Gandhi", "order_date": "2025-10-04T01:25:39.700", "order_number": "ICP314102025115", "order_status": "Out For Delivery", "phone_number": "+91 9099023996", "pincode": "380055", "pickup_schedule_date": null, "pickup_token_number": null, "payment_status": "Paid", "payment_method": "ONLINE", "pickup_status": null, "state": "Gujarat", "sub_total": "252.00", "shipping_charges": "45.00", "courier_company_id": "217", "courier_company": "India Post-Speed Post Air Prepaid", "shiprocket_order_id": null, "shiprocket_invoice": "", "shipment_id": null, "tracking_link": null, "transaction_id": "ICP20251004027UUKFN", "user": ["9099023996"], "updated_at": "2025-10-07T12:05:23.253"}}, {"model": "mainapp.order", "pk": 116, "fields": {"address": "17/B , Gujarat Estate, Sarkhej sanand Road , NR. Jigar motors , opp. Mamta complex sarkhej-382210", "awb_code": null, "city": "Ahmedabad", "country": "India", "created_at": "2025-10-05T14:19:11.003", "discount": "0.00", "email": "www.taianash9292@gmail.com", "edd": null, "final_price": "216.00", "gst": "0.00", "invoice": "", "is_new": false, "label": "", "manifest": "", "name": "Tai mohammad anash", "order_date": "2025-10-05T14:19:11.003", "order_number": "ICP325102025116", "order_status": "Delivered", "phone_number": "+91 9998986853", "pincode": "382210", "pickup_schedule_date": null, "pickup_token_number": null, "payment_status": "Paid", "payment_method": "ONLINE", "pickup_status": null, "state": "Gujarat", "sub_total": "171.00", "shipping_charges": "45.00", "courier_company_id": "217", "courier_company": "India Post-Speed Post Air Prepaid", "shiprocket_order_id": null, "shiprocket_invoice": "", "shipment_id": null, "tracking_link": null, "transaction_id": "ICP20251005496WHSEG", "user": ["9998986853"], "updated_at": "2025-10-09T13:07:50.577"}}, {"model": "mainapp.order", "pk": 117, "fields": {"address": "A56 mithla villa indrapuri new agra", "awb_code": null, "city": "Agra", "country": "India", "created_at": "2025-10-07T00:14:01.403", "discount": "0.00", "email": "vishalgupta.gupta78@gmail.com", "edd": null, "final_price": "567.00", "gst": "0.00", "invoice": "invoices/invoice_117_07102025001453.pdf", "is_new": false, "label": "", "manifest": "", "name": "Vishal gupta", "order_date": "2025-10-07T00:14:01.403", "order_number": "ICP337102025117", "order_status": "Confirmed", "phone_number": "+91 7014402294", "pincode": "282005", "pickup_schedule_date": null, "pickup_token_number": null, "payment_status": "Paid", "payment_method": "ONLINE", "pickup_status": null, "state": "Uttar Pradesh", "sub_total": "567.00", "shipping_charges": "0.00", "courier_company_id": "51", "courier_company": "Xpressbees Surface", "shiprocket_order_id": null, "shiprocket_invoice": "", "shipment_id": null, "tracking_link": null, "transaction_id": "ICP20251007422JHDAR", "user": ["7014402294"], "updated_at": "2025-10-07T12:06:42.022"}}, {"model": "mainapp.order", "pk": 118, "fields": {"address": "Ambar tawar road momin parlour ki gali al sagar epartment ", "awb_code": null, "city": "Ahmedabad", "country": "India", "created_at": "2025-10-08T15:13:23.300", "discount": "0.00", "email": "samirmalek1354@gmail.com", "edd": null, "final_price": "216.00", "gst": "0.00", "invoice": "invoices/invoice_118_08102025151407.pdf", "is_new": false, "label": "", "manifest": "", "name": "Samir malek ", "order_date": "2025-10-08T15:13:23.300", "order_number": "ICP348102025118", "order_status": "Confirmed", "phone_number": "+91 9712063836", "pincode": "382210", "pickup_schedule_date": null, "pickup_token_number": null, "payment_status": "Paid", "payment_method": "ONLINE", "pickup_status": null, "state": "Gujarat", "sub_total": "171.00", "shipping_charges": "45.00", "courier_company_id": "217", "courier_company": "India Post-Speed Post Air Prepaid", "shiprocket_order_id": null, "shiprocket_invoice": "", "shipment_id": null, "tracking_link": null, "transaction_id": "ICP20251008933TIIKG", "user": ["9712063836"], "updated_at": "2025-10-09T13:04:36.567"}}, {"model": "mainapp.order", "pk": 121, "fields": {"address": "28/167, TAMBARI VIBHAG, BARSHI NAKA, NEAR SUPRIYA HOTEL, OSMANABAD, 413501.", "awb_code": null, "city": "Osmanabad", "country": "India", "created_at": "2025-10-19T15:20:27.913", "discount": "0.00", "email": "prashantsb9028@gmail.com", "edd": null, "final_price": "513.00", "gst": "0.00", "invoice": "", "is_new": false, "label": "", "manifest": "", "name": "Prashant Budhehalkar", "order_date": "2025-10-19T15:20:27.913", "order_number": "ICP3619102025121", "order_status": "Out For Delivery", "phone_number": "+91 7391015533", "pincode": "413501", "pickup_schedule_date": null, "pickup_token_number": null, "payment_status": "Paid", "payment_method": "ONLINE", "pickup_status": null, "state": "Maharashtra", "sub_total": "513.00", "shipping_charges": "0.00", "courier_company_id": "684", "courier_company": "Xpressbees Surface_Network Stress", "shiprocket_order_id": null, "shiprocket_invoice": "", "shipment_id": null, "tracking_link": null, "transaction_id": "ICP20251019166DCLJG", "user": ["7391015533"], "updated_at": "2025-11-06T12:36:39.006"}}, {"model": "mainapp.order", "pk": 122, "fields": {"address": "28/167, TAMBARI VIBHAG, BARSHI NAKA, NEAR SUPRIYA HOTEL, OSMANABAD, 413501.", "awb_code": null, "city": "Osmanabad", "country": "India", "created_at": "2025-10-19T17:47:01.437", "discount": "0.00", "email": "prashantsb9028@gmail.com", "edd": null, "final_price": "513.00", "gst": "0.00", "invoice": "invoices/invoice_122_19102025174815.pdf", "is_new": false, "label": "", "manifest": "", "name": "Prashant Budhehalkar", "order_date": "2025-10-19T17:47:01.437", "order_number": "ICP3619102025122", "order_status": "Shipped", "phone_number": "+91 7391015533", "pincode": "413501", "pickup_schedule_date": null, "pickup_token_number": null, "payment_status": "Paid", "payment_method": "COD", "pickup_status": null, "state": "Maharashtra", "sub_total": "513.00", "shipping_charges": "0.00", "courier_company_id": "684", "courier_company": "Xpressbees Surface_Network Stress", "shiprocket_order_id": null, "shiprocket_invoice": "", "shipment_id": null, "tracking_link": null, "transaction_id": "ICP20251019946CBFTE", "user": ["7391015533"], "updated_at": "2025-11-04T11:43:07.478"}}, {"model": "mainapp.order", "pk": 123, "fields": {"address": "Ambar tawar road momin parlour ki gali al sagar epartment ", "awb_code": null, "city": "Ahmedabad", "country": "India", "created_at": "2025-10-20T21:52:11.635", "discount": "0.00", "email": "samirmalek1354@gmail.com", "edd": null, "final_price": "216.00", "gst": "0.00", "invoice": "invoices/invoice_123_20102025215349.pdf", "is_new": false, "label": "", "manifest": "", "name": "Samir malek ", "order_date": "2025-10-20T21:52:11.635", "order_number": "ICP3420102025123", "order_status": "Confirmed", "phone_number": "+91 9712063836", "pincode": "382210", "pickup_schedule_date": null, "pickup_token_number": null, "payment_status": "Paid", "payment_method": "Prepaid", "pickup_status": null, "state": "Gujarat", "sub_total": "171.00", "shipping_charges": "45.00", "courier_company_id": "217", "courier_company": "India Post-Speed Post Air Prepaid", "shiprocket_order_id": null, "shiprocket_invoice": "", "shipment_id": null, "tracking_link": null, "transaction_id": "ICP20251020783VENGX", "user": ["9712063836"], "updated_at": "2025-10-20T21:54:28.680"}}, {"model": "mainapp.order", "pk": 124, "fields": {"address": "K51/88A Mohammad Saheed pili Kothi Varanasi", "awb_code": null, "city": "Varanasi", "country": "India", "created_at": "2025-10-23T20:47:19.076", "discount": "0.00", "email": "meezanmeezan816@gmail.com", "edd": null, "final_price": "499.00", "gst": "0.00", "invoice": "", "is_new": false, "label": "", "manifest": "", "name": "Md Meezan", "order_date": "2025-10-23T20:47:19.077", "order_number": "ICP3723102025124", "order_status": "Shipped", "phone_number": "+91 8052528861", "pincode": "221001", "pickup_schedule_date": null, "pickup_token_number": null, "payment_status": "Paid", "payment_method": "ONLINE", "pickup_status": null, "state": "Uttar Pradesh", "sub_total": "499.00", "shipping_charges": "0.00", "courier_company_id": "684", "courier_company": "Xpressbees Surface_Network Stress", "shiprocket_order_id": null, "shiprocket_invoice": "", "shipment_id": null, "tracking_link": null, "transaction_id": "ICP20251023059PQJXE", "user": ["8052528861"], "updated_at": "2025-11-04T11:44:00.427"}}, {"model": "mainapp.order", "pk": 125, "fields": {"address": "chhan rorian near shiv medical hall", "awb_code": null, "city": "Kathua", "country": "India", "created_at": "2025-11-01T01:35:09.395", "discount": "0.00", "email": "vishaysambyal@zohomail.in", "edd": null, "final_price": "216.00", "gst": "0.00", "invoice": "", "is_new": false, "label": "", "manifest": "", "name": "vijay kumar", "order_date": "2025-11-01T01:35:09.395", "order_number": "ICP381112025125", "order_status": "Shipped", "phone_number": "+91 7006647882", "pincode": "184144", "pickup_schedule_date": null, "pickup_token_number": null, "payment_status": "Paid", "payment_method": "ONLINE", "pickup_status": null, "state": "Jammu and Kashmir", "sub_total": "171.00", "shipping_charges": "45.00", "courier_company_id": "217", "courier_company": "India Post-Speed Post Air Prepaid", "shiprocket_order_id": null, "shiprocket_invoice": "", "shipment_id": null, "tracking_link": null, "transaction_id": "ICP20251101138CWYAK", "user": ["7006647882"], "updated_at": "2025-11-04T11:42:13.816"}}, {"model": "mainapp.order", "pk": 126, "fields": {"address": "Lal phatak phhuta darwaza masjid", "awb_code": null, "city": "Bareilly", "country": "India", "created_at": "2025-11-02T17:50:20.333", "discount": "0.00", "email": "musharibkhan93@gmail.com", "edd": null, "final_price": "499.00", "gst": "0.00", "invoice": "", "is_new": false, "label": "", "manifest": "", "name": "Musharib Khan", "order_date": "2025-11-02T17:50:20.333", "order_number": "ICP392112025126", "order_status": "Cancelled", "phone_number": "+91 8534854316", "pincode": "243301", "pickup_schedule_date": null, "pickup_token_number": null, "payment_status": "Failed", "payment_method": "ONLINE", "pickup_status": null, "state": "Uttar Pradesh", "sub_total": "499.00", "shipping_charges": "0.00", "courier_company_id": "684", "courier_company": "Xpressbees Surface_Network Stress", "shiprocket_order_id": null, "shiprocket_invoice": "", "shipment_id": null, "tracking_link": null, "transaction_id": "ICP20251102923QCAMK", "user": ["8534854316"], "updated_at": "2025-11-06T13:40:39.761"}}, {"model": "mainapp.order", "pk": 127, "fields": {"address": "Lal phatak phhuta darwaza masjid", "awb_code": null, "city": "Bareilly", "country": "India", "created_at": "2025-11-02T17:50:43.773", "discount": "0.00", "email": "musharibkhan93@gmail.com", "edd": null, "final_price": "216.00", "gst": "0.00", "invoice": "", "is_new": false, "label": "", "manifest": "", "name": "Musharib Khan", "order_date": "2025-11-02T17:50:43.774", "order_number": "ICP392112025127", "order_status": "Confirmed", "phone_number": "+91 8534854316", "pincode": "243301", "pickup_schedule_date": null, "pickup_token_number": null, "payment_status": "Failed", "payment_method": "ONLINE", "pickup_status": null, "state": "Uttar Pradesh", "sub_total": "171.00", "shipping_charges": "45.00", "courier_company_id": "684", "courier_company": "Xpressbees Surface_Network Stress", "shiprocket_order_id": null, "shiprocket_invoice": "", "shipment_id": null, "tracking_link": null, "transaction_id": "ICP20251102756DRATE", "user": ["8534854316"], "updated_at": "2025-11-06T13:39:43.534"}}, {"model": "mainapp.order", "pk": 128, "fields": {"address": "Ambar tawar road momin parlour ki gali al sagar epartment", "awb_code": null, "city": "Ahmedabad", "country": "India", "created_at": "2025-11-02T20:36:14.067", "discount": "0.00", "email": "samirmalek1354@gmail.com", "edd": null, "final_price": "387.00", "gst": "0.00", "invoice": "", "is_new": false, "label": "", "manifest": "", "name": "Samir malek", "order_date": "2025-11-02T20:36:14.067", "order_number": "ICP342112025128", "order_status": "Confirmed", "phone_number": "+91 9712063836", "pincode": "382210", "pickup_schedule_date": null, "pickup_token_number": null, "payment_status": "Paid", "payment_method": "ONLINE", "pickup_status": null, "state": "Gujarat", "sub_total": "342.00", "shipping_charges": "45.00", "courier_company_id": "217", "courier_company": "India Post-Speed Post Air Prepaid", "shiprocket_order_id": null, "shiprocket_invoice": "", "shipment_id": null, "tracking_link": null, "transaction_id": "ICP20251102953PBYFB", "user": ["9712063836"], "updated_at": "2025-11-04T11:32:35.333"}}, {"model": "mainapp.order", "pk": 129, "fields": {"address": "139 Andul Road near Akashdeep hindu hotel", "awb_code": null, "city": null, "country": "India", "created_at": "2025-11-04T17:50:18.405", "discount": "0.00", "email": "sonudas0202@gmail.com", "edd": null, "final_price": "387.00", "gst": "0.00", "invoice": "invoices/invoice_129_04112025175054.pdf", "is_new": false, "label": "", "manifest": "", "name": "Sonu Das", "order_date": "2025-11-04T17:50:18.405", "order_number": "ICP404112025129", "order_status": "Confirmed", "phone_number": "+91 7003033312", "pincode": "711103", "pickup_schedule_date": null, "pickup_token_number": null, "payment_status": "Paid", "payment_method": "ONLINE", "pickup_status": null, "state": "West Bengal", "sub_total": "342.00", "shipping_charges": "45.00", "courier_company_id": "51", "courier_company": "Xpressbees Surface", "shiprocket_order_id": null, "shiprocket_invoice": "", "shipment_id": null, "tracking_link": null, "transaction_id": "ICP20251104775YHQMI", "user": ["7003033312"], "updated_at": "2025-11-05T22:36:50.001"}}, {"model": "mainapp.order", "pk": 130, "fields": {"address": "01mohalla govindaas near nagar palika aliganj etah", "awb_code": null, "city": "Aliganj", "country": "India", "created_at": "2025-11-15T12:35:24.768", "discount": "0.00", "email": "abhisheksoharia@gmail.com", "edd": null, "final_price": "499.00", "gst": "0.00", "invoice": "", "is_new": true, "label": "", "manifest": "", "name": "Abhishek Soharia", "order_date": "2025-11-15T12:35:24.768", "order_number": "ICP4115112025130", "order_status": "Confirmed", "phone_number": "+91 9412366169", "pincode": "207247", "pickup_schedule_date": null, "pickup_token_number": null, "payment_status": "Pending", "payment_method": "Prepaid", "pickup_status": null, "state": "Uttar Pradesh", "sub_total": "499.00", "shipping_charges": "0.00", "courier_company_id": "58", "courier_company": "Shadowfax Surface", "shiprocket_order_id": null, "shiprocket_invoice": "", "shipment_id": null, "tracking_link": null, "transaction_id": "ICP20251115191OEYEH", "user": ["9412366169"], "updated_at": "2025-11-15T12:35:24.783"}}, {"model": "mainapp.order", "pk": 131, "fields": {"address": "Royal R.O water In Ganeshpur Ganjdundwara Kasganj ", "awb_code": null, "city": "Kasganj", "country": "India", "created_at": "2025-11-18T13:13:10.515", "discount": "0.00", "email": "azhasheikh92@gmail.com", "edd": null, "final_price": "499.00", "gst": "0.00", "invoice": "", "is_new": true, "label": "", "manifest": "", "name": "Azha", "order_date": "2025-11-18T13:13:10.515", "order_number": "ICP4218112025131", "order_status": "Confirmed", "phone_number": "+91 8191968444", "pincode": "207242", "pickup_schedule_date": null, "pickup_token_number": null, "payment_status": "Pending", "payment_method": "Prepaid", "pickup_status": null, "state": "Uttar Pradesh", "sub_total": "499.00", "shipping_charges": "0.00", "courier_company_id": "51", "courier_company": "Xpressbees Surface", "shiprocket_order_id": null, "shiprocket_invoice": "", "shipment_id": null, "tracking_link": null, "transaction_id": "ICP20251118558SJLVF", "user": ["8191968444"], "updated_at": "2025-11-18T13:13:10.526"}}, {"model": "mainapp.order", "pk": 132, "fields": {"address": "Ambar tawar road momin parlour ki gali al sagar epartment", "awb_code": null, "city": "Ahmedabad", "country": "India", "created_at": "2025-11-20T15:36:16.244", "discount": "0.00", "email": "samirmalek1354@gmail.com", "edd": null, "final_price": "387.00", "gst": "0.00", "invoice": "", "is_new": true, "label": "", "manifest": "", "name": "Samir malek", "order_date": "2025-11-20T15:36:16.244", "order_number": "ICP3420112025132", "order_status": "Confirmed", "phone_number": "+91 9712063836", "pincode": "382210", "pickup_schedule_date": null, "pickup_token_number": null, "payment_status": "Paid", "payment_method": "ONLINE", "pickup_status": null, "state": "Gujarat", "sub_total": "342.00", "shipping_charges": "45.00", "courier_company_id": "217", "courier_company": "India Post-Speed Post Air Prepaid", "shiprocket_order_id": null, "shiprocket_invoice": "", "shipment_id": null, "tracking_link": null, "transaction_id": "ICP20251120612SWRQW", "user": ["9712063836"], "updated_at": "2025-11-22T21:13:46.506"}}, {"model": "mainapp.order", "pk": 133, "fields": {"address": "chhan rorian near shiv medical hall", "awb_code": null, "city": "Kathua", "country": "India", "created_at": "2025-11-24T18:41:25.376", "discount": "0.00", "email": "vishaysambyal@zohomail.in", "edd": null, "final_price": "630.00", "gst": "0.00", "invoice": "invoices/invoice_133_24112025184513.pdf", "is_new": true, "label": "", "manifest": "", "name": "vijay kumar ", "order_date": "2025-11-24T18:41:25.376", "order_number": "ICP3824112025133", "order_status": "Confirmed", "phone_number": "+91 7006647882", "pincode": "184144", "pickup_schedule_date": null, "pickup_token_number": null, "payment_status": "Paid", "payment_method": "Prepaid", "pickup_status": null, "state": "Jammu and Kashmir", "sub_total": "630.00", "shipping_charges": "0.00", "courier_company_id": "217", "courier_company": "India Post-Speed Post Air Prepaid", "shiprocket_order_id": null, "shiprocket_invoice": "", "shipment_id": null, "tracking_link": null, "transaction_id": "ICP20251124473MVYNO", "user": ["7006647882"], "updated_at": "2025-11-24T18:45:13.868"}}, {"model": "mainapp.order", "pk": 136, "fields": {"address": "Sakar 7, Ahmedabad", "awb_code": null, "city": "Ahmedabad", "country": "India", "created_at": "2026-02-10T16:02:32.217", "discount": "0.00", "email": "admin@main.com", "edd": null, "final_price": "1.00", "gst": "0.00", "invoice": "", "is_new": true, "label": "", "manifest": "", "name": "Shaikh Mohammadtofik", "order_date": "2026-02-10T16:02:32.217", "order_number": "ICP11022026136", "order_status": "Confirmed", "phone_number": "+91 9898989898", "pincode": "380055", "pickup_schedule_date": null, "pickup_token_number": null, "payment_status": "Pending", "payment_method": "ONLINE", "pickup_status": null, "state": "Gujarat", "sub_total": "1.00", "shipping_charges": "0.00", "courier_company_id": "1", "courier_company": "Default Courier", "shiprocket_order_id": null, "shiprocket_invoice": "", "shipment_id": null, "tracking_link": null, "transaction_id": "ICP20260210465AXNHW", "user": ["9898989898"], "updated_at": "2026-02-10T16:02:32.242"}}, {"model": "mainapp.order", "pk": 137, "fields": {"address": "Sakar 7, Ahmedabad", "awb_code": null, "city": "Ahmedabad", "country": "India", "created_at": "2026-02-10T16:03:35.955", "discount": "0.00", "email": "admin@main.com", "edd": null, "final_price": "1340.00", "gst": "0.00", "invoice": "", "is_new": true, "label": "", "manifest": "", "name": "Shaikh Mohammadtofik", "order_date": "2026-02-10T16:03:35.955", "order_number": "ICP11022026137", "order_status": "Confirmed", "phone_number": "+91 9898989898", "pincode": "380055", "pickup_schedule_date": null, "pickup_token_number": null, "payment_status": "Pending", "payment_method": "Prepaid", "pickup_status": null, "state": "Gujarat", "sub_total": "1340.00", "shipping_charges": "0.00", "courier_company_id": "1", "courier_company": "Default Courier", "shiprocket_order_id": null, "shiprocket_invoice": "", "shipment_id": null, "tracking_link": null, "transaction_id": "ICP20260210040XOEJH", "user": ["9898989898"], "updated_at": "2026-02-10T16:03:35.972"}}, {"model": "mainapp.order", "pk": 138, "fields": {"address": "Sakar 7, Ahmedabad", "awb_code": null, "city": "Ahmedabad", "country": "India", "created_at": "2026-02-10T16:38:44.557", "discount": "0.00", "email": "admin@main.com", "edd": null, "final_price": "1.00", "gst": "0.00", "invoice": "", "is_new": true, "label": "", "manifest": "", "name": "Shaikh Mohammadtofik", "order_date": "2026-02-10T16:38:44.557", "order_number": "ICP11022026138", "order_status": "Confirmed", "phone_number": "+91 9898989898", "pincode": "380055", "pickup_schedule_date": null, "pickup_token_number": null, "payment_status": "Pending", "payment_method": "ONLINE", "pickup_status": null, "state": "Gujarat", "sub_total": "1.00", "shipping_charges": "0.00", "courier_company_id": "1", "courier_company": "Default Courier", "shiprocket_order_id": null, "shiprocket_invoice": "", "shipment_id": null, "tracking_link": null, "transaction_id": "ICP20260210574PFPRU", "user": ["9898989898"], "updated_at": "2026-02-10T16:38:44.568"}}, {"model": "mainapp.order", "pk": 139, "fields": {"address": "B-13 Noor Apartment, Jordan road, dariyapur, ahmedabad, 380001", "awb_code": null, "city": "Ahmedabad", "country": "India", "created_at": "2026-02-10T16:44:51.761", "discount": "0.00", "email": "tofik.imscit21@gmail.com", "edd": null, "final_price": "1.00", "gst": "0.00", "invoice": "", "is_new": true, "label": "", "manifest": "", "name": "Shaikh Mohammadtofik", "order_date": "2026-02-10T16:44:51.761", "order_number": "ICP11022026139", "order_status": "Confirmed", "phone_number": "+91 9898989898", "pincode": "380001", "pickup_schedule_date": null, "pickup_token_number": null, "payment_status": "Pending", "payment_method": "ONLINE", "pickup_status": null, "state": "Gujarat", "sub_total": "1.00", "shipping_charges": "0.00", "courier_company_id": "1", "courier_company": "Default Courier", "shiprocket_order_id": null, "shiprocket_invoice": "", "shipment_id": null, "tracking_link": null, "transaction_id": "ICP20260210598AJSFD", "user": ["9898989898"], "updated_at": "2026-02-10T16:44:51.770"}}, {"model": "mainapp.order", "pk": 140, "fields": {"address": "B-13 Noor Apartment, Jordan road, dariyapur, ahmedabad, 380001", "awb_code": null, "city": "Ahmedabad", "country": "India", "created_at": "2026-02-10T16:46:30.336", "discount": "0.00", "email": "tofik.imscit21@gmail.com", "edd": null, "final_price": "1.00", "gst": "0.00", "invoice": "", "is_new": true, "label": "", "manifest": "", "name": "Shaikh Mohammadtofik", "order_date": "2026-02-10T16:46:30.336", "order_number": "ICP11022026140", "order_status": "Confirmed", "phone_number": "+91 7048786234", "pincode": "380001", "pickup_schedule_date": null, "pickup_token_number": null, "payment_status": "Pending", "payment_method": "ONLINE", "pickup_status": null, "state": "Gujarat", "sub_total": "1.00", "shipping_charges": "0.00", "courier_company_id": "1", "courier_company": "Default Courier", "shiprocket_order_id": null, "shiprocket_invoice": "", "shipment_id": null, "tracking_link": null, "transaction_id": "ICP20260210641LBAYT", "user": ["9898989898"], "updated_at": "2026-02-10T16:46:30.348"}}, {"model": "mainapp.order", "pk": 141, "fields": {"address": "B-13 Noor Apartment, Jordan road, dariyapur, ahmedabad, 380001", "awb_code": null, "city": "Ahmedabad", "country": "India", "created_at": "2026-02-10T16:54:46.312", "discount": "0.00", "email": "tofik.imscit21@gmail.com", "edd": null, "final_price": "1340.00", "gst": "0.00", "invoice": "", "is_new": true, "label": "", "manifest": "", "name": "Shaikh Mohammadtofik", "order_date": "2026-02-10T16:54:46.312", "order_number": "ICP11022026141", "order_status": "Confirmed", "phone_number": "+91 9898989898", "pincode": "380001", "pickup_schedule_date": null, "pickup_token_number": null, "payment_status": "Pending", "payment_method": "Prepaid", "pickup_status": null, "state": "Gujarat", "sub_total": "1340.00", "shipping_charges": "0.00", "courier_company_id": "1", "courier_company": "Default Courier", "shiprocket_order_id": null, "shiprocket_invoice": "", "shipment_id": null, "tracking_link": null, "transaction_id": "ICP20260210108BZCTK", "user": ["9898989898"], "updated_at": "2026-02-10T16:54:46.328"}}, {"model": "mainapp.order", "pk": 142, "fields": {"address": "B-13 Noor Apartment, Jordan road, dariyapur, ahmedabad, 380001", "awb_code": null, "city": "Ahmedabad", "country": "India", "created_at": "2026-02-19T16:38:04.265", "discount": "0.00", "email": "tofik.imscit21@gmail.com", "edd": null, "final_price": "1341.00", "gst": "0.00", "invoice": "", "is_new": true, "label": "", "manifest": "", "name": "Shaikh Mohammadtofik", "order_date": "2026-02-19T16:38:04.265", "order_number": "ICP11922026142", "order_status": "Confirmed", "phone_number": "+91 9898989898", "pincode": "380001", "pickup_schedule_date": null, "pickup_token_number": null, "payment_status": "Pending", "payment_method": "Prepaid", "pickup_status": null, "state": "Gujarat", "sub_total": "1341.00", "shipping_charges": "0.00", "courier_company_id": "1", "courier_company": "Default Courier", "shiprocket_order_id": null, "shiprocket_invoice": "", "shipment_id": null, "tracking_link": null, "transaction_id": "ICP20260219832CIULU", "user": ["9898989898"], "updated_at": "2026-02-19T16:38:04.301"}}, {"model": "mainapp.order", "pk": 143, "fields": {"address": "Sakar 7, Ahmedabad", "awb_code": null, "city": "Ahmedabad", "country": "India", "created_at": "2026-02-19T16:48:27.006", "discount": "0.00", "email": "tofik.imscit21@gmail.com", "edd": null, "final_price": "1169.00", "gst": "0.00", "invoice": "", "is_new": true, "label": "", "manifest": "", "name": "Shaikh Mohammadtofik", "order_date": "2026-02-19T16:48:27.007", "order_number": "ICP11922026143", "order_status": "Confirmed", "phone_number": "+91 9898989898", "pincode": "380055", "pickup_schedule_date": null, "pickup_token_number": null, "payment_status": "Pending", "payment_method": "Prepaid", "pickup_status": null, "state": "Gujarat", "sub_total": "1169.00", "shipping_charges": "0.00", "courier_company_id": "1", "courier_company": "Default Courier", "shiprocket_order_id": null, "shiprocket_invoice": "", "shipment_id": null, "tracking_link": null, "transaction_id": "ICP20260219258RJFMR", "user": ["9898989898"], "updated_at": "2026-02-19T16:48:27.036"}}, {"model": "mainapp.order", "pk": 144, "fields": {"address": "B-13 Noor Apartment, Jordan road, dariyapur, ahmedabad, 380001", "awb_code": null, "city": "Ahmedabad", "country": "India", "created_at": "2026-02-23T00:12:42.211", "discount": "0.00", "email": "tofik.imscit21@gmail.com", "edd": null, "final_price": "2091.00", "gst": "0.00", "invoice": "", "is_new": true, "label": "", "manifest": "", "name": "Shaikh Mohammadtofik", "order_date": "2026-02-23T00:12:42.211", "order_number": "ICP12322026144", "order_status": "Confirmed", "phone_number": "+91 9898989898", "pincode": "380001", "pickup_schedule_date": null, "pickup_token_number": null, "payment_status": "Pending", "payment_method": "Prepaid", "pickup_status": null, "state": "Gujarat", "sub_total": "2091.00", "shipping_charges": "0.00", "courier_company_id": "1", "courier_company": "Default Courier", "shiprocket_order_id": null, "shiprocket_invoice": "", "shipment_id": null, "tracking_link": null, "transaction_id": "ICP20260223629MMFFU", "user": ["9898989898"], "updated_at": "2026-02-23T00:12:42.269"}}, {"model": "mainapp.order", "pk": 145, "fields": {"address": "Sakar 7, Ahmedabad", "awb_code": null, "city": "Ahmedabad", "country": "India", "created_at": "2026-02-23T00:16:31.959", "discount": "0.00", "email": "tofik.imscit21@gmail.com", "edd": null, "final_price": "1.00", "gst": "0.00", "invoice": "", "is_new": true, "label": "", "manifest": "", "name": "Shaikh Mohammadtofik", "order_date": "2026-02-23T00:16:31.959", "order_number": "ICP12322026145", "order_status": "Confirmed", "phone_number": "+91 9898989898", "pincode": "380055", "pickup_schedule_date": null, "pickup_token_number": null, "payment_status": "Pending", "payment_method": "Prepaid", "pickup_status": null, "state": "Gujarat", "sub_total": "1.00", "shipping_charges": "0.00", "courier_company_id": "1", "courier_company": "Default Courier", "shiprocket_order_id": null, "shiprocket_invoice": "", "shipment_id": null, "tracking_link": null, "transaction_id": "ICP20260223735SDDOE", "user": ["9898989898"], "updated_at": "2026-02-23T00:16:31.965"}}, {"model": "mainapp.order", "pk": 149, "fields": {"address": "B-13 Noor Apartment, Jordan road, dariyapur, ahmedabad, 380001", "awb_code": null, "city": "Amod,", "country": "India", "created_at": "2026-03-10T14:25:15.716", "discount": "0.00", "email": "hicare5941@pckage.com", "edd": null, "final_price": "998.00", "gst": "0.00", "invoice": "", "is_new": true, "label": "", "manifest": "", "name": "fopewmor", "order_date": "2026-03-10T14:25:15.716", "order_number": "ICP481032026149", "order_status": "Confirmed", "phone_number": "+91 9696969696", "pincode": "380001", "pickup_schedule_date": null, "pickup_token_number": null, "payment_status": "Pending", "payment_method": "Prepaid", "pickup_status": null, "state": "Gujarat", "sub_total": "998.00", "shipping_charges": "0.00", "courier_company_id": "1", "courier_company": "Default Courier", "shiprocket_order_id": null, "shiprocket_invoice": "", "shipment_id": null, "tracking_link": null, "transaction_id": "ICPREVBDC7KZGJT", "user": ["9696969696"], "updated_at": "2026-03-10T14:25:15.742"}}, {"model": "mainapp.order", "pk": 150, "fields": {"address": "abx", "awb_code": null, "city": "Changlang", "country": "India", "created_at": "2026-03-10T22:54:04.214", "discount": "0.00", "email": "woxale3100@niprack.com", "edd": null, "final_price": "499.00", "gst": "0.00", "invoice": "", "is_new": true, "label": "", "manifest": "", "name": "Shaikh Mohammadtofik", "order_date": "2026-03-10T22:54:04.214", "order_number": "ICP501032026150", "order_status": "Confirmed", "phone_number": "+91 7048796234", "pincode": "123456", "pickup_schedule_date": null, "pickup_token_number": null, "payment_status": "Pending", "payment_method": "Prepaid", "pickup_status": null, "state": "Arunachal Pradesh", "sub_total": "499.00", "shipping_charges": "0.00", "courier_company_id": "1", "courier_company": "Default Courier", "shiprocket_order_id": null, "shiprocket_invoice": "", "shipment_id": null, "tracking_link": null, "transaction_id": "ICP1240T3TOT3Y1", "user": ["7048796234"], "updated_at": "2026-03-10T22:54:04.230"}}, {"model": "mainapp.order", "pk": 151, "fields": {"address": "B-13 Noor Apartment, Jordan road, dariyapur, ahmedabad, 380001", "awb_code": null, "city": "Ahmedabad", "country": "India", "created_at": "2026-03-14T01:26:59.702", "discount": "0.00", "email": "st7997935@gmail.com", "edd": null, "final_price": "1169.00", "gst": "0.00", "invoice": "", "is_new": true, "label": "", "manifest": "", "name": "Shaikh Mohammadtofik", "order_date": "2026-03-14T01:26:59.702", "order_number": "ICP511432026151", "order_status": "Confirmed", "phone_number": "+91 7048786234", "pincode": "380001", "pickup_schedule_date": null, "pickup_token_number": null, "payment_status": "Pending", "payment_method": "Prepaid", "pickup_status": null, "state": "Gujarat", "sub_total": "1169.00", "shipping_charges": "0.00", "courier_company_id": "1", "courier_company": "Default Courier", "shiprocket_order_id": null, "shiprocket_invoice": "", "shipment_id": null, "tracking_link": null, "transaction_id": "ICPXMQBI7CS6G86", "user": ["7048786234"], "updated_at": "2026-03-14T01:26:59.730"}}, {"model": "mainapp.order", "pk": 152, "fields": {"address": "ABC", "awb_code": null, "city": "Amli", "country": "India", "created_at": "2026-03-21T18:22:36.055", "discount": "0.00", "email": "tofik.imscit21@gmail.com", "edd": null, "final_price": "2666.00", "gst": "0.00", "invoice": "", "is_new": true, "label": "", "manifest": "", "name": "Shaikh Mohammadtofik", "order_date": "2026-03-21T18:22:36.055", "order_number": "ICP522132026152", "order_status": "Confirmed", "phone_number": "+91 7048786234", "pincode": "111111", "pickup_schedule_date": null, "pickup_token_number": null, "payment_status": "Pending", "payment_method": "Prepaid", "pickup_status": null, "state": "Dadra and Nagar Haveli and Daman and Diu", "sub_total": "2666.00", "shipping_charges": "0.00", "courier_company_id": "1", "courier_company": "Default Courier", "shiprocket_order_id": null, "shiprocket_invoice": "", "shipment_id": null, "tracking_link": null, "transaction_id": "ICPR93E3CQ7Q7Y7", "user": ["5556575859"], "updated_at": "2026-03-21T18:22:36.072"}}, {"model": "mainapp.orderitem", "pk": 109, "fields": {"order": 109, "variant": 102, "quantity": 1, "discount": "0.00", "price": "117.00", "final_price": "117.00", "promotion": null}}, {"model": "mainapp.orderitem", "pk": 110, "fields": {"order": 109, "variant": 214, "quantity": 1, "discount": "0.00", "price": "80.00", "final_price": "80.00", "promotion": null}}, {"model": "mainapp.orderitem", "pk": 111, "fields": {"order": 109, "variant": 220, "quantity": 1, "discount": "0.00", "price": "80.00", "final_price": "80.00", "promotion": null}}, {"model": "mainapp.orderitem", "pk": 112, "fields": {"order": 109, "variant": 148, "quantity": 1, "discount": "0.00", "price": "171.00", "final_price": "171.00", "promotion": null}}, {"model": "mainapp.orderitem", "pk": 113, "fields": {"order": 109, "variant": 133, "quantity": 1, "discount": "0.00", "price": "171.00", "final_price": "171.00", "promotion": null}}, {"model": "mainapp.orderitem", "pk": 114, "fields": {"order": 109, "variant": 143, "quantity": 1, "discount": "0.00", "price": "171.00", "final_price": "171.00", "promotion": null}}, {"model": "mainapp.orderitem", "pk": 115, "fields": {"order": 109, "variant": 134, "quantity": 1, "discount": "0.00", "price": "171.00", "final_price": "171.00", "promotion": null}}, {"model": "mainapp.orderitem", "pk": 116, "fields": {"order": 109, "variant": 141, "quantity": 1, "discount": "0.00", "price": "171.00", "final_price": "171.00", "promotion": null}}, {"model": "mainapp.orderitem", "pk": 117, "fields": {"order": 109, "variant": 221, "quantity": 2, "discount": "0.00", "price": "2.00", "final_price": "2.00", "promotion": null}}, {"model": "mainapp.orderitem", "pk": 120, "fields": {"order": 112, "variant": 133, "quantity": 1, "discount": "0.00", "price": "171.00", "final_price": "171.00", "promotion": null}}, {"model": "mainapp.orderitem", "pk": 122, "fields": {"order": 114, "variant": 137, "quantity": 2, "discount": "0.00", "price": "342.00", "final_price": "342.00", "promotion": null}}, {"model": "mainapp.orderitem", "pk": 123, "fields": {"order": 115, "variant": 110, "quantity": 2, "discount": "0.00", "price": "252.00", "final_price": "252.00", "promotion": null}}, {"model": "mainapp.orderitem", "pk": 124, "fields": {"order": 116, "variant": 139, "quantity": 1, "discount": "0.00", "price": "171.00", "final_price": "171.00", "promotion": null}}, {"model": "mainapp.orderitem", "pk": 125, "fields": {"order": 117, "variant": 114, "quantity": 1, "discount": "0.00", "price": "126.00", "final_price": "126.00", "promotion": null}}, {"model": "mainapp.orderitem", "pk": 126, "fields": {"order": 117, "variant": 139, "quantity": 1, "discount": "0.00", "price": "171.00", "final_price": "171.00", "promotion": null}}, {"model": "mainapp.orderitem", "pk": 127, "fields": {"order": 117, "variant": 129, "quantity": 2, "discount": "0.00", "price": "270.00", "final_price": "270.00", "promotion": null}}, {"model": "mainapp.orderitem", "pk": 128, "fields": {"order": 118, "variant": 139, "quantity": 1, "discount": "0.00", "price": "171.00", "final_price": "171.00", "promotion": null}}, {"model": "mainapp.orderitem", "pk": 132, "fields": {"order": 121, "variant": 224, "quantity": 1, "discount": "0.00", "price": "171.00", "final_price": "171.00", "promotion": null}}, {"model": "mainapp.orderitem", "pk": 133, "fields": {"order": 121, "variant": 139, "quantity": 1, "discount": "0.00", "price": "171.00", "final_price": "171.00", "promotion": null}}, {"model": "mainapp.orderitem", "pk": 134, "fields": {"order": 121, "variant": 133, "quantity": 1, "discount": "0.00", "price": "171.00", "final_price": "171.00", "promotion": null}}, {"model": "mainapp.orderitem", "pk": 135, "fields": {"order": 122, "variant": 224, "quantity": 1, "discount": "0.00", "price": "171.00", "final_price": "171.00", "promotion": null}}, {"model": "mainapp.orderitem", "pk": 136, "fields": {"order": 122, "variant": 139, "quantity": 1, "discount": "0.00", "price": "171.00", "final_price": "171.00", "promotion": null}}, {"model": "mainapp.orderitem", "pk": 137, "fields": {"order": 122, "variant": 133, "quantity": 1, "discount": "0.00", "price": "171.00", "final_price": "171.00", "promotion": null}}, {"model": "mainapp.orderitem", "pk": 138, "fields": {"order": 123, "variant": 145, "quantity": 1, "discount": "0.00", "price": "171.00", "final_price": "171.00", "promotion": null}}, {"model": "mainapp.orderitem", "pk": 139, "fields": {"order": 124, "variant": 222, "quantity": 1, "discount": "0.00", "price": "499.00", "final_price": "499.00", "promotion": null}}, {"model": "mainapp.orderitem", "pk": 140, "fields": {"order": 125, "variant": 139, "quantity": 1, "discount": "0.00", "price": "171.00", "final_price": "171.00", "promotion": null}}, {"model": "mainapp.orderitem", "pk": 141, "fields": {"order": 126, "variant": 222, "quantity": 1, "discount": "0.00", "price": "499.00", "final_price": "499.00", "promotion": null}}, {"model": "mainapp.orderitem", "pk": 142, "fields": {"order": 127, "variant": 139, "quantity": 1, "discount": "0.00", "price": "171.00", "final_price": "171.00", "promotion": null}}, {"model": "mainapp.orderitem", "pk": 143, "fields": {"order": 128, "variant": 139, "quantity": 2, "discount": "0.00", "price": "342.00", "final_price": "342.00", "promotion": null}}, {"model": "mainapp.orderitem", "pk": 144, "fields": {"order": 129, "variant": 133, "quantity": 1, "discount": "0.00", "price": "171.00", "final_price": "171.00", "promotion": null}}, {"model": "mainapp.orderitem", "pk": 145, "fields": {"order": 129, "variant": 139, "quantity": 1, "discount": "0.00", "price": "171.00", "final_price": "171.00", "promotion": null}}, {"model": "mainapp.orderitem", "pk": 146, "fields": {"order": 130, "variant": 222, "quantity": 1, "discount": "0.00", "price": "499.00", "final_price": "499.00", "promotion": null}}, {"model": "mainapp.orderitem", "pk": 147, "fields": {"order": 131, "variant": 222, "quantity": 1, "discount": "0.00", "price": "499.00", "final_price": "499.00", "promotion": null}}, {"model": "mainapp.orderitem", "pk": 148, "fields": {"order": 132, "variant": 139, "quantity": 2, "discount": "0.00", "price": "342.00", "final_price": "342.00", "promotion": null}}, {"model": "mainapp.orderitem", "pk": 149, "fields": {"order": 133, "variant": 84, "quantity": 1, "discount": "0.00", "price": "117.00", "final_price": "117.00", "promotion": null}}, {"model": "mainapp.orderitem", "pk": 150, "fields": {"order": 133, "variant": 224, "quantity": 1, "discount": "0.00", "price": "171.00", "final_price": "171.00", "promotion": null}}, {"model": "mainapp.orderitem", "pk": 151, "fields": {"order": 133, "variant": 139, "quantity": 2, "discount": "0.00", "price": "342.00", "final_price": "342.00", "promotion": null}}, {"model": "mainapp.orderitem", "pk": 159, "fields": {"order": 136, "variant": null, "quantity": 1, "discount": "0.00", "price": "1.00", "final_price": "1.00", "promotion": null}}, {"model": "mainapp.orderitem", "pk": 160, "fields": {"order": 137, "variant": 139, "quantity": 2, "discount": "0.00", "price": "342.00", "final_price": "342.00", "promotion": null}}, {"model": "mainapp.orderitem", "pk": 161, "fields": {"order": 137, "variant": 223, "quantity": 1, "discount": "0.00", "price": "499.00", "final_price": "499.00", "promotion": null}}, {"model": "mainapp.orderitem", "pk": 162, "fields": {"order": 137, "variant": 222, "quantity": 1, "discount": "0.00", "price": "499.00", "final_price": "499.00", "promotion": null}}, {"model": "mainapp.orderitem", "pk": 163, "fields": {"order": 138, "variant": null, "quantity": 1, "discount": "0.00", "price": "1.00", "final_price": "1.00", "promotion": null}}, {"model": "mainapp.orderitem", "pk": 164, "fields": {"order": 139, "variant": null, "quantity": 1, "discount": "0.00", "price": "1.00", "final_price": "1.00", "promotion": null}}, {"model": "mainapp.orderitem", "pk": 165, "fields": {"order": 140, "variant": null, "quantity": 1, "discount": "0.00", "price": "1.00", "final_price": "1.00", "promotion": null}}, {"model": "mainapp.orderitem", "pk": 166, "fields": {"order": 141, "variant": 139, "quantity": 2, "discount": "0.00", "price": "342.00", "final_price": "342.00", "promotion": null}}, {"model": "mainapp.orderitem", "pk": 167, "fields": {"order": 141, "variant": 223, "quantity": 1, "discount": "0.00", "price": "499.00", "final_price": "499.00", "promotion": null}}, {"model": "mainapp.orderitem", "pk": 168, "fields": {"order": 141, "variant": 222, "quantity": 1, "discount": "0.00", "price": "499.00", "final_price": "499.00", "promotion": null}}, {"model": "mainapp.orderitem", "pk": 169, "fields": {"order": 142, "variant": 139, "quantity": 2, "discount": "0.00", "price": "342.00", "final_price": "342.00", "promotion": null}}, {"model": "mainapp.orderitem", "pk": 170, "fields": {"order": 142, "variant": 223, "quantity": 1, "discount": "0.00", "price": "499.00", "final_price": "499.00", "promotion": null}}, {"model": "mainapp.orderitem", "pk": 171, "fields": {"order": 142, "variant": 222, "quantity": 1, "discount": "0.00", "price": "499.00", "final_price": "499.00", "promotion": null}}, {"model": "mainapp.orderitem", "pk": 172, "fields": {"order": 142, "variant": null, "quantity": 1, "discount": "0.00", "price": "1.00", "final_price": "1.00", "promotion": null}}, {"model": "mainapp.orderitem", "pk": 173, "fields": {"order": 143, "variant": 223, "quantity": 1, "discount": "0.00", "price": "499.00", "final_price": "499.00", "promotion": null}}, {"model": "mainapp.orderitem", "pk": 174, "fields": {"order": 143, "variant": 222, "quantity": 1, "discount": "0.00", "price": "499.00", "final_price": "499.00", "promotion": null}}, {"model": "mainapp.orderitem", "pk": 175, "fields": {"order": 143, "variant": 139, "quantity": 1, "discount": "0.00", "price": "171.00", "final_price": "171.00", "promotion": null}}, {"model": "mainapp.orderitem", "pk": 176, "fields": {"order": 144, "variant": 223, "quantity": 1, "discount": "0.00", "price": "499.00", "final_price": "499.00", "promotion": null}}, {"model": "mainapp.orderitem", "pk": 177, "fields": {"order": 144, "variant": 139, "quantity": 1, "discount": "0.00", "price": "171.00", "final_price": "171.00", "promotion": null}}, {"model": "mainapp.orderitem", "pk": 178, "fields": {"order": 144, "variant": 117, "quantity": 2, "discount": "0.00", "price": "252.00", "final_price": "252.00", "promotion": null}}, {"model": "mainapp.orderitem", "pk": 179, "fields": {"order": 144, "variant": 224, "quantity": 1, "discount": "0.00", "price": "171.00", "final_price": "171.00", "promotion": null}}, {"model": "mainapp.orderitem", "pk": 180, "fields": {"order": 144, "variant": 222, "quantity": 2, "discount": "0.00", "price": "998.00", "final_price": "998.00", "promotion": null}}, {"model": "mainapp.orderitem", "pk": 181, "fields": {"order": 145, "variant": null, "quantity": 1, "discount": "0.00", "price": "1.00", "final_price": "1.00", "promotion": null}}, {"model": "mainapp.orderitem", "pk": 186, "fields": {"order": 149, "variant": 223, "quantity": 1, "discount": "0.00", "price": "499.00", "final_price": "499.00", "promotion": null}}, {"model": "mainapp.orderitem", "pk": 187, "fields": {"order": 149, "variant": 222, "quantity": 1, "discount": "0.00", "price": "499.00", "final_price": "499.00", "promotion": null}}, {"model": "mainapp.orderitem", "pk": 188, "fields": {"order": 150, "variant": 223, "quantity": 1, "discount": "0.00", "price": "499.00", "final_price": "499.00", "promotion": null}}, {"model": "mainapp.orderitem", "pk": 189, "fields": {"order": 151, "variant": 141, "quantity": 1, "discount": "0.00", "price": "171.00", "final_price": "171.00", "promotion": null}}, {"model": "mainapp.orderitem", "pk": 190, "fields": {"order": 151, "variant": 223, "quantity": 1, "discount": "0.00", "price": "499.00", "final_price": "499.00", "promotion": null}}, {"model": "mainapp.orderitem", "pk": 191, "fields": {"order": 151, "variant": 222, "quantity": 1, "discount": "0.00", "price": "499.00", "final_price": "499.00", "promotion": null}}, {"model": "mainapp.orderitem", "pk": 192, "fields": {"order": 152, "variant": 223, "quantity": 5, "discount": "0.00", "price": "2495.00", "final_price": "2495.00", "promotion": null}}, {"model": "mainapp.orderitem", "pk": 193, "fields": {"order": 152, "variant": 224, "quantity": 1, "discount": "0.00", "price": "171.00", "final_price": "171.00", "promotion": null}}, {"model": "mainapp.transaction", "pk": 10, "fields": {"user": ["9892993475"], "name": "Aatif shaikh", "order": null, "transaction_id": "ICP20250517437IPFXT", "token": "order_QVy2eoZ4AO7zRv", "payment_id": null, "amount": "235.40", "phone_number": "9892993475", "currency": "INR", "description": null, "transaction_status": "PENDING", "refund_id": null, "refund_by": null, "timestamp": "2025-05-17T16:14:01.393", "updated_at": "2025-05-17T16:14:01.409"}}, {"model": "mainapp.transaction", "pk": 12, "fields": {"user": ["9892993475"], "name": "Aatif shaikh", "order": null, "transaction_id": "ICP20250517472QBSPZ", "token": "order_QVyFyZbX2A1ixe", "payment_id": null, "amount": "335.40", "phone_number": "9892993475", "currency": "INR", "description": null, "transaction_status": "PENDING", "refund_id": null, "refund_by": null, "timestamp": "2025-05-17T16:26:37.870", "updated_at": "2025-05-17T16:26:37.875"}}, {"model": "mainapp.transaction", "pk": 13, "fields": {"user": ["9892993475"], "name": "Aatif shaikh", "order": null, "transaction_id": "ICP20250517902FNZXW", "token": "order_QVyHDaG01Dp0cf", "payment_id": null, "amount": "335.40", "phone_number": "9892993475", "currency": "INR", "description": null, "transaction_status": "PENDING", "refund_id": null, "refund_by": null, "timestamp": "2025-05-17T16:27:48.421", "updated_at": "2025-05-17T16:27:48.429"}}, {"model": "mainapp.transaction", "pk": 14, "fields": {"user": ["9892993475"], "name": "Aatif shaikh", "order": null, "transaction_id": "ICP20250517201NOCDT", "token": "order_QVyKQLkkG95CKO", "payment_id": null, "amount": "335.40", "phone_number": "9892993475", "currency": "INR", "description": null, "transaction_status": "PENDING", "refund_id": null, "refund_by": null, "timestamp": "2025-05-17T16:30:50.520", "updated_at": "2025-05-17T16:30:50.525"}}, {"model": "mainapp.transaction", "pk": 15, "fields": {"user": ["9892993475"], "name": "Aatif shaikh", "order": null, "transaction_id": "ICP20250517353VHGSJ", "token": "order_QVyKpQpXSx46mJ", "payment_id": null, "amount": "335.40", "phone_number": "9892993475", "currency": "INR", "description": null, "transaction_status": "PENDING", "refund_id": null, "refund_by": null, "timestamp": "2025-05-17T16:31:13.493", "updated_at": "2025-05-17T16:31:13.497"}}, {"model": "mainapp.transaction", "pk": 18, "fields": {"user": ["9327201570"], "name": "Ishaq shaikh", "order": null, "transaction_id": "ICP20250611976YMUIJ", "token": "order_QflgzQ8T1QwEns", "payment_id": null, "amount": "206.40", "phone_number": "9327201570", "currency": "INR", "description": null, "transaction_status": "PENDING", "refund_id": null, "refund_by": null, "timestamp": "2025-06-11T10:39:12.353", "updated_at": "2025-06-11T10:39:12.359"}}, {"model": "mainapp.transaction", "pk": 19, "fields": {"user": ["8140277661"], "name": "Adnan shaikh", "order": null, "transaction_id": "ICP20250704578NBJIM", "token": "order_Qotkp7RtslOMUG", "payment_id": null, "amount": "206.40", "phone_number": "8140277661", "currency": "INR", "description": null, "transaction_status": "PENDING", "refund_id": null, "refund_by": null, "timestamp": "2025-07-04T12:23:24.060", "updated_at": "2025-07-04T12:23:24.070"}}, {"model": "mainapp.transaction", "pk": 20, "fields": {"user": ["8140277661"], "name": "Adnan shaikh", "order": null, "transaction_id": "ICP20250811917WMXXD", "token": "order_R47t7fAEeGveUT", "payment_id": null, "amount": "548.40", "phone_number": "8140277661", "currency": "INR", "description": null, "transaction_status": "PENDING", "refund_id": null, "refund_by": null, "timestamp": "2025-08-11T23:57:59.551", "updated_at": "2025-08-11T23:57:59.564"}}, {"model": "mainapp.transaction", "pk": 21, "fields": {"user": ["8140277661"], "name": "Adnan shaikh", "order": null, "transaction_id": "ICP20250811619MDCSJ", "token": "order_R47tIzy75l4Zdj", "payment_id": null, "amount": "548.40", "phone_number": "8140277661", "currency": "INR", "description": null, "transaction_status": "PENDING", "refund_id": null, "refund_by": null, "timestamp": "2025-08-11T23:58:09.932", "updated_at": "2025-08-11T23:58:09.935"}}, {"model": "mainapp.transaction", "pk": 22, "fields": {"user": ["9898989898"], "name": null, "order": null, "transaction_id": "ICP20250812743KBRFW", "token": "order_R4PnBu39qTNYO0", "payment_id": null, "amount": "377.40", "phone_number": "9898989898", "currency": "INR", "description": null, "transaction_status": "PENDING", "refund_id": null, "refund_by": null, "timestamp": "2025-08-12T17:28:51.711", "updated_at": "2025-08-12T17:28:51.717"}}, {"model": "mainapp.transaction", "pk": 23, "fields": {"user": ["9898989898"], "name": null, "order": null, "transaction_id": "ICP20250812534ZMGZX", "token": "order_R4PnFPzJN99lb5", "payment_id": null, "amount": "377.40", "phone_number": "9898989898", "currency": "INR", "description": null, "transaction_status": "PENDING", "refund_id": null, "refund_by": null, "timestamp": "2025-08-12T17:28:54.950", "updated_at": "2025-08-12T17:28:54.954"}}, {"model": "mainapp.transaction", "pk": 24, "fields": {"user": ["9898989898"], "name": null, "order": null, "transaction_id": "ICP20250812390GVKRQ", "token": "order_R4PtuqJpbJXQHk", "payment_id": null, "amount": "377.40", "phone_number": "9898989898", "currency": "INR", "description": null, "transaction_status": "PENDING", "refund_id": null, "refund_by": null, "timestamp": "2025-08-12T17:35:13.666", "updated_at": "2025-08-12T17:35:13.670"}}, {"model": "mainapp.transaction", "pk": 25, "fields": {"user": ["9898989898"], "name": null, "order": null, "transaction_id": "ICP20250812220XFVFW", "token": "4ed96e7b83275aec9d6c90adfc52cc5e25750398dd94ad11d4ce502078702e8c9fa06f635c1b4edab60cbec1a60803624fae0b069b370424e2bb37c456f99bdf", "payment_id": null, "amount": "377.40", "phone_number": "9898989898", "currency": "INR", "description": null, "transaction_status": "PENDING", "refund_id": null, "refund_by": null, "timestamp": "2025-08-12T17:41:45.189", "updated_at": "2025-08-12T17:41:45.193"}}, {"model": "mainapp.transaction", "pk": 26, "fields": {"user": ["9898989898"], "name": null, "order": null, "transaction_id": "ICP20250812506HHLTE", "token": "8137f22f72fbf380bc6d6bfc525d62fea6c1ecc6b4e8a4ee45385ddf31634d9e086ca204d5e1f123c990afd8e78903fc2736c21f2a291c9679fac8e83e1a678a", "payment_id": null, "amount": "377.40", "phone_number": "9898989898", "currency": "INR", "description": null, "transaction_status": "PENDING", "refund_id": null, "refund_by": null, "timestamp": "2025-08-12T17:42:03.942", "updated_at": "2025-08-12T17:42:03.946"}}, {"model": "mainapp.transaction", "pk": 27, "fields": {"user": ["9898989898"], "name": null, "order": null, "transaction_id": "ICP20250812618DBRPE", "token": "79e9dcf37e7040c9a242eb8f394130020c7e93a3ccc14d0ea1ea7ec5e7a00282b42e59ec536e25dc0bfec85f70f55b53a363612209e9682d01815d342410adb6", "payment_id": null, "amount": "377.40", "phone_number": "9898989898", "currency": "INR", "description": null, "transaction_status": "PENDING", "refund_id": null, "refund_by": null, "timestamp": "2025-08-12T17:45:14.366", "updated_at": "2025-08-12T17:45:14.376"}}, {"model": "mainapp.transaction", "pk": 28, "fields": {"user": ["9898989898"], "name": null, "order": null, "transaction_id": "ICP20250812349SOLWT", "token": "ed6856a025b944214640f6bded108277759617c360088c2f7ed6c0fc00eda9da59228257c89a9585f308f4a4280b5b58d09d1bb3e9b8aeb86ae4ff43f38e77b9", "payment_id": null, "amount": "377.40", "phone_number": "9898989898", "currency": "INR", "description": null, "transaction_status": "PENDING", "refund_id": null, "refund_by": null, "timestamp": "2025-08-12T17:45:22.126", "updated_at": "2025-08-12T17:45:22.128"}}, {"model": "mainapp.transaction", "pk": 29, "fields": {"user": ["9898989898"], "name": null, "order": null, "transaction_id": "ICP20250812332GGHLF", "token": "dc9609ccc7bc85662e5a74338543d1ee5e955001a59fa44ccc186b20bfc6d733eec5848966b19463619fa490312720936d3a0dc8fbef9bfa8d54a0b4155d2155", "payment_id": null, "amount": "377.40", "phone_number": "9898989898", "currency": "INR", "description": null, "transaction_status": "PENDING", "refund_id": null, "refund_by": null, "timestamp": "2025-08-12T17:45:43.542", "updated_at": "2025-08-12T17:45:43.545"}}, {"model": "mainapp.transaction", "pk": 30, "fields": {"user": ["9898989898"], "name": null, "order": null, "transaction_id": "ICP20250812016JFEHG", "token": "a849fbe15b801cd363d14f0eb78dd979eed493aa8b7c7e85ad574f80220cb135de17c0d938c941aa6fae7454bb7d3b6709b541562f9aaa6879637b2790132a8c", "payment_id": null, "amount": "377.40", "phone_number": "9898989898", "currency": "INR", "description": null, "transaction_status": "PENDING", "refund_id": null, "refund_by": null, "timestamp": "2025-08-12T17:46:45.984", "updated_at": "2025-08-12T17:46:45.990"}}, {"model": "mainapp.transaction", "pk": 31, "fields": {"user": ["9898989898"], "name": null, "order": null, "transaction_id": "ICP20250812581YHPPZ", "token": "a63c36290a1c8dfabc65cf2f41fe680b2180436cf7c3bd3707198db1a6594b1bea7340c7b9f0d72d9dcc90cfc40268c4ececfd45242ca46fc3f78e105bf9b1e8", "payment_id": null, "amount": "377.40", "phone_number": "9898989898", "currency": "INR", "description": null, "transaction_status": "PENDING", "refund_id": null, "refund_by": null, "timestamp": "2025-08-12T17:47:58.566", "updated_at": "2025-08-12T17:47:58.569"}}, {"model": "mainapp.transaction", "pk": 32, "fields": {"user": ["9898989898"], "name": null, "order": null, "transaction_id": "ICP20250812726LBWFT", "token": "207c2ffe635d9c5b49d8b34244a6b32ee558506df404205e7643d8442908ea5b7e45e32b294734a303ad2c49ef42aa7d2f7898454549837912fc810b3a4d97a1", "payment_id": null, "amount": "377.40", "phone_number": "9898989898", "currency": "INR", "description": null, "transaction_status": "PENDING", "refund_id": null, "refund_by": null, "timestamp": "2025-08-12T17:48:18.384", "updated_at": "2025-08-12T17:48:18.388"}}, {"model": "mainapp.transaction", "pk": 33, "fields": {"user": ["9898989898"], "name": null, "order": null, "transaction_id": "ICP20250812469NOYYK", "token": "882de20ec3033ee930a1a6affdeac76ceb87ba3454732a1543afec679064a7169f49660895c97d2eb1c4ec3f6ec1be649255e6779715991a203c737aa51c4167", "payment_id": null, "amount": "377.40", "phone_number": "9898989898", "currency": "INR", "description": null, "transaction_status": "PENDING", "refund_id": null, "refund_by": null, "timestamp": "2025-08-12T17:54:53.182", "updated_at": "2025-08-12T17:54:53.188"}}, {"model": "mainapp.transaction", "pk": 34, "fields": {"user": ["9898989898"], "name": null, "order": null, "transaction_id": "ICP20250812264UKDKO", "token": "6ecf54305ef73dc055678c3820f8f96430057536c17bd307eaa2ae691989adaef38009b48206a70f951461b4a4d0fd7253078df85f980cdeba2601b6f7d7a4f0", "payment_id": null, "amount": "377.40", "phone_number": "9898989898", "currency": "INR", "description": null, "transaction_status": "PENDING", "refund_id": null, "refund_by": null, "timestamp": "2025-08-12T17:57:26.814", "updated_at": "2025-08-12T17:57:26.824"}}, {"model": "mainapp.transaction", "pk": 35, "fields": {"user": ["8140277661"], "name": "Adnan shaikh", "order": null, "transaction_id": "ICP20250812728ZSTGG", "token": "8adf70626e441d663ead68521004a7655bd07bc5369e6a595d812b5bab45dcd177dbbe79f4902a6ea178cc12a47e57613cfd6547a703f25cfe94baf867fb1eae", "payment_id": null, "amount": "548.40", "phone_number": "8140277661", "currency": "INR", "description": null, "transaction_status": "PENDING", "refund_id": null, "refund_by": null, "timestamp": "2025-08-12T17:59:44.258", "updated_at": "2025-08-12T17:59:44.261"}}, {"model": "mainapp.transaction", "pk": 36, "fields": {"user": ["8140277661"], "name": "Adnan shaikh", "order": null, "transaction_id": "ICP20250812846RVYOG", "token": "df0eda666928c7bd2324391828fb59275d28cc5fb16364fcecacad4d5e32c266263a0e3655dd7997079561bea313e73f224edbf3497209db1bddc7abc7dcb479", "payment_id": null, "amount": "548.40", "phone_number": "8140277661", "currency": "INR", "description": null, "transaction_status": "PENDING", "refund_id": null, "refund_by": null, "timestamp": "2025-08-12T18:02:54.579", "updated_at": "2025-08-12T18:02:54.581"}}, {"model": "mainapp.transaction", "pk": 37, "fields": {"user": ["8140277661"], "name": "Adnan shaikh", "order": null, "transaction_id": "ICP20250812148PIUDG", "token": "bd6574be0840784bd18e741b9ff02260825114fd8763bc0a4d611fe30449ea7d7b1eb91c8199cafac62f1e3232f43488ac67767cce29d4acc71e13eae29ba6c2", "payment_id": null, "amount": "548.40", "phone_number": "8140277661", "currency": "INR", "description": null, "transaction_status": "PENDING", "refund_id": null, "refund_by": null, "timestamp": "2025-08-12T18:21:42.623", "updated_at": "2025-08-12T18:21:42.627"}}, {"model": "mainapp.transaction", "pk": 38, "fields": {"user": ["8140277661"], "name": "Adnan shaikh", "order": null, "transaction_id": "ICP20250812061JUDMW", "token": "4cc90d3288e2acc6b2e019cc02b8f393ce89073e69fc525efaea4e61f63b6e722ee1c517db37bc3c4867abcc3a2ac77d9c39c034ef131d3eab4f43b780168e4d", "payment_id": null, "amount": "206.40", "phone_number": "8140277661", "currency": "INR", "description": null, "transaction_status": "PENDING", "refund_id": null, "refund_by": null, "timestamp": "2025-08-12T18:23:52.520", "updated_at": "2025-08-12T18:23:52.522"}}, {"model": "mainapp.transaction", "pk": 39, "fields": {"user": ["8140277661"], "name": "Adnan shaikh", "order": null, "transaction_id": "ICP20250812651GYAEM", "token": "920722966c461c1c7e7cf853aedbe522a3214c053c8d55eaff1c311bc2a56faa4ccdd6be096f71cfcc10058cbdbe4a2c7168b4846e75572560cacb18d04643db", "payment_id": null, "amount": "36.40", "phone_number": "8140277661", "currency": "INR", "description": null, "transaction_status": "PENDING", "refund_id": null, "refund_by": null, "timestamp": "2025-08-12T19:04:48.950", "updated_at": "2025-08-12T19:04:48.954"}}, {"model": "mainapp.transaction", "pk": 40, "fields": {"user": ["8140277661"], "name": "Adnan shaikh", "order": null, "transaction_id": "ICP20250812923DWQBK", "token": "ea8876e48657e0aa59ea2f0a75a987900b91b36174c69b05cfb8464efe99812ef61f297b975a5c9fafb08b21bc2bb6e1c0c93b707cefa9693976d2bb44ca6c4c", "payment_id": null, "amount": "2.00", "phone_number": "8140277661", "currency": "INR", "description": null, "transaction_status": "PENDING", "refund_id": null, "refund_by": null, "timestamp": "2025-08-12T19:10:58.347", "updated_at": "2025-08-12T19:10:58.351"}}, {"model": "mainapp.transaction", "pk": 41, "fields": {"user": ["9892993471"], "name": "Aatif Shaikh", "order": null, "transaction_id": "ICP20250813680KWIOZ", "token": "6183169f10cab7079ec3ee180d213c1d4a5595670af08fbbe1c959fa575129a6daaed12074f3af88c2c62d9b810d106f34fa6e4d08333ee60b3441dafd287382", "payment_id": null, "amount": "2.00", "phone_number": "9892993471", "currency": "INR", "description": null, "transaction_status": "PENDING", "refund_id": null, "refund_by": null, "timestamp": "2025-08-13T09:41:46.569", "updated_at": "2025-08-13T09:41:46.575"}}, {"model": "mainapp.transaction", "pk": 42, "fields": {"user": ["9892993471"], "name": "Aatif Shaikh", "order": null, "transaction_id": "ICP20250813349YCPUP", "token": "3e558c9d2262842b4f9cf57f035fb516a58be526388975451f78fdb30f9f91620e27fb5d39e794ae5b24b1a732e096d9f5ccc15068b198e3fc6a6e0e8ac92dbd", "payment_id": null, "amount": "0.00", "phone_number": "9892993471", "currency": "INR", "description": null, "transaction_status": "PENDING", "refund_id": null, "refund_by": null, "timestamp": "2025-08-13T09:50:40.702", "updated_at": "2025-08-13T09:50:40.705"}}, {"model": "mainapp.transaction", "pk": 43, "fields": {"user": ["9892993471"], "name": "Aatif Shaikh", "order": null, "transaction_id": "ICP20250813147CJMDV", "token": "22d05ee3f50845dfa25a26598d83907d22d75bab8ee756cbc6df8f2302e581bab5c307e585f5d09073777ab38985d82f5ad6c042232dffa3cfa14d8ee900b4fe", "payment_id": null, "amount": "1.00", "phone_number": "9892993471", "currency": "INR", "description": null, "transaction_status": "PENDING", "refund_id": null, "refund_by": null, "timestamp": "2025-08-13T09:51:06.970", "updated_at": "2025-08-13T09:51:06.973"}}, {"model": "mainapp.transaction", "pk": 44, "fields": {"user": ["9892993471"], "name": "Aatif Shaikh", "order": null, "transaction_id": "ICP20250813882LJHFL", "token": "752312cb82f4c7209cb329afccb9b42a3f51dda5328062881f90d24646933f6b593e6a81f1fd77f15a98f09ec2745ee4117d843481161e03b1c1dd720ca5141d", "payment_id": null, "amount": "1.00", "phone_number": "9892993471", "currency": "INR", "description": null, "transaction_status": "PENDING", "refund_id": null, "refund_by": null, "timestamp": "2025-08-13T10:07:06.474", "updated_at": "2025-08-13T10:07:06.480"}}, {"model": "mainapp.transaction", "pk": 45, "fields": {"user": ["9892993471"], "name": "Aatif Shaikh", "order": null, "transaction_id": "ICP20250813084PNRBO", "token": "972360c94a742cbbecf30b0fee326d31f61febe7bf988426d04cd3b0748a21248642bf6cabdb65f5dc8a71c0b68f6da4b8e343bbd2c8c4b53c465f5d9a99a7f9", "payment_id": null, "amount": "1.00", "phone_number": "9892993471", "currency": "INR", "description": null, "transaction_status": "PENDING", "refund_id": null, "refund_by": null, "timestamp": "2025-08-13T10:22:38.933", "updated_at": "2025-08-13T10:22:38.937"}}, {"model": "mainapp.transaction", "pk": 46, "fields": {"user": ["9892993471"], "name": "Aatif Shaikh", "order": null, "transaction_id": "ICP20250813485UGPHO", "token": "d0dae288a7877139ce4ddcf0cabc5879d4057a219a6ad153b25c7723516ac26936c89a6b107dac424f23413ec1bf8e855a17f31fff0fb8dbf0ee358a6f1cd5dc", "payment_id": null, "amount": "1.00", "phone_number": "9892993471", "currency": "INR", "description": null, "transaction_status": "PENDING", "refund_id": null, "refund_by": null, "timestamp": "2025-08-13T10:23:50.496", "updated_at": "2025-08-13T10:23:50.500"}}, {"model": "mainapp.transaction", "pk": 47, "fields": {"user": ["9892993471"], "name": "Aatif Shaikh", "order": null, "transaction_id": "ICP20250813942YFUJA", "token": "634f58fff6ee2dfad66da8b19d608162e9cd74f4ae5a867248c08bb56424b1e633afbd58bdb0a207757ba8e695c02e8e0a950a2bf504a4f61a781cc246c872be", "payment_id": null, "amount": "1.00", "phone_number": "9892993471", "currency": "INR", "description": null, "transaction_status": "PENDING", "refund_id": null, "refund_by": null, "timestamp": "2025-08-13T10:29:25.518", "updated_at": "2025-08-13T10:29:25.520"}}, {"model": "mainapp.transaction", "pk": 48, "fields": {"user": ["8140277661"], "name": "Adnan shaikh", "order": null, "transaction_id": "ICP20250813077XPATV", "token": "be626dd245eff981b8e5aa40a484341688de94a40ca5b1febbc994a681d7888e4f566abe37d6de8712c69af0413b2a159aca044758955d5b4f1b1e7421640ca5", "payment_id": null, "amount": "1.00", "phone_number": "8140277661", "currency": "INR", "description": null, "transaction_status": "PENDING", "refund_id": null, "refund_by": null, "timestamp": "2025-08-13T14:53:18.362", "updated_at": "2025-08-13T14:53:18.366"}}, {"model": "mainapp.transaction", "pk": 49, "fields": {"user": ["8140277661"], "name": "Adnan shaikh", "order": null, "transaction_id": "ICP20250813715MFJGM", "token": "82e8ce2d15866fccb90a98e8e767a7e3327272841306ffc06182c5308f084f079a3b47f7be08565b2bc7eb4fdff996badb390d2b08f68a589c71267f4fe86cb4", "payment_id": null, "amount": "1.00", "phone_number": "8140277661", "currency": "INR", "description": null, "transaction_status": "PENDING", "refund_id": null, "refund_by": null, "timestamp": "2025-08-13T14:56:20.190", "updated_at": "2025-08-13T14:56:20.193"}}, {"model": "mainapp.transaction", "pk": 50, "fields": {"user": ["9090909090"], "name": "usama", "order": null, "transaction_id": "ICP20250813416YIHEA", "token": "ba58f422b2c0817dc7e607dd549b1215fd9accacdd75d024531d7b746e1d15e2b9bf84e4c7d70545d55f40725e22991185b08b0245adfb49a4ee1ccf665647fd", "payment_id": null, "amount": "216.00", "phone_number": "9090909090", "currency": "INR", "description": null, "transaction_status": "PENDING", "refund_id": null, "refund_by": null, "timestamp": "2025-08-13T15:08:20.496", "updated_at": "2025-08-13T15:08:20.498"}}, {"model": "mainapp.transaction", "pk": 51, "fields": {"user": ["9867882184"], "name": "om prakash dhakar", "order": null, "transaction_id": "ICP20250814131SZNDC", "token": "292c5a8c53f242a7e169cf08c950d065104d7fb870a87f2daee405e60cc7c4ef0044e096f0e972e3ff012d3f949cbdba0994a11f2deb28b73c2b68f1b6b311bd", "payment_id": null, "amount": "387.00", "phone_number": "9867882184", "currency": "INR", "description": null, "transaction_status": "PENDING", "refund_id": null, "refund_by": null, "timestamp": "2025-08-14T18:56:37.025", "updated_at": "2025-08-14T18:56:37.033"}}, {"model": "mainapp.transaction", "pk": 52, "fields": {"user": ["8140277661"], "name": "Adnan shaikh", "order": null, "transaction_id": "ICP20250814905YKIOG", "token": "c566102f67b92adf1cbf9435015fa9e7d1f648fa9e029357cef274e394cf9884c83a6dbf21a2f91155d668de8fe8f5acdaa175aae44ea96fbcb5b8e6aa68ee07", "payment_id": null, "amount": "342.00", "phone_number": "8140277661", "currency": "INR", "description": null, "transaction_status": "PENDING", "refund_id": null, "refund_by": null, "timestamp": "2025-08-14T19:21:24.254", "updated_at": "2025-08-14T19:21:24.258"}}, {"model": "mainapp.transaction", "pk": 64, "fields": {"user": ["7887483249"], "name": "Komal M", "order": 109, "transaction_id": "ICP20250912591OUPSB", "token": "db7fc3c15cdd5d256926c85a3d7086795dcb8f38d61a97c94a7190a8a678f8f5316619954dc159225a554b73d50330edbf9816b9b550b07c2a604dde021ba868", "payment_id": null, "amount": "1134.00", "phone_number": "+91 7887483249", "currency": "INR", "description": null, "transaction_status": "Paid", "refund_id": null, "refund_by": null, "timestamp": "2025-09-12T14:28:19.345", "updated_at": "2025-09-12T14:30:53.329"}}, {"model": "mainapp.transaction", "pk": 67, "fields": {"user": ["9725680994"], "name": "Sanghariyat arif", "order": 112, "transaction_id": "ICP20250913210OCRKT", "token": "d43545bb7dfdf692f15e9f991b4597f20cd9227dfaa692f88cdfce154a23da1acdec97fb52265fed1f7b3871aca37c49258e557ab77a3e242707e921f108f146", "payment_id": null, "amount": "216.00", "phone_number": "+91 9725680994", "currency": "INR", "description": null, "transaction_status": "Paid", "refund_id": null, "refund_by": null, "timestamp": "2025-09-13T12:33:26.027", "updated_at": "2025-09-13T12:34:00.969"}}, {"model": "mainapp.transaction", "pk": 69, "fields": {"user": ["8299249275"], "name": "ZULQURNAIN ", "order": 114, "transaction_id": "ICP20250916101LKTTJ", "token": "860dcc7fc694de0853666c89500b83939eb90bce66244148bc7efaa4beea0665876f8f6ef97f4f26d891a0ff5ee67aa56d29c9bb26ca551b8995d868f57f20e2", "payment_id": null, "amount": "387.00", "phone_number": "+91 8299249275", "currency": "INR", "description": null, "transaction_status": "Paid", "refund_id": null, "refund_by": null, "timestamp": "2025-09-16T23:44:16.743", "updated_at": "2025-09-16T23:44:58.580"}}, {"model": "mainapp.transaction", "pk": 70, "fields": {"user": ["9099023996"], "name": "Mushir Gandhi", "order": 115, "transaction_id": "ICP20251004027UUKFN", "token": "b37aabf5a9e82d96b5e493b5edcca81c0e83c758b48ffbd69cf2360fdbb34ecbdb47e5fc20ad3841b045c10a5001213bac1b3de44bcfa31e1c596cf122bb9b7f", "payment_id": null, "amount": "297.00", "phone_number": "+91 9099023996", "currency": "INR", "description": null, "transaction_status": "Paid", "refund_id": null, "refund_by": null, "timestamp": "2025-10-04T01:25:39.720", "updated_at": "2025-10-04T01:26:10.920"}}, {"model": "mainapp.transaction", "pk": 71, "fields": {"user": ["9998986853"], "name": "Tai mohammad anash", "order": 116, "transaction_id": "ICP20251005496WHSEG", "token": "9382acc7940c9c4d1c613bc11e38484fb2d1c1098976e35ee213158662849f292806cbc99160e5f76be43174949e3439cb3585914fa331158fd48bd70553f04d", "payment_id": null, "amount": "216.00", "phone_number": "+91 9998986853", "currency": "INR", "description": "", "transaction_status": "Paid", "refund_id": null, "refund_by": null, "timestamp": "2025-10-05T14:19:11.022", "updated_at": "2025-10-09T13:07:17.218"}}, {"model": "mainapp.transaction", "pk": 72, "fields": {"user": ["7014402294"], "name": "Vishal gupta", "order": 117, "transaction_id": "ICP20251007422JHDAR", "token": "45ae7b90f34ee863c99147045138b44a04e33ba488ee670142765e2eae1294ae1b9cfa0bf69bc5b431a8345e5366e1450fc543599a20273c9f320cff5c3f0272", "payment_id": null, "amount": "567.00", "phone_number": "+91 7014402294", "currency": "INR", "description": "", "transaction_status": "Paid", "refund_id": null, "refund_by": null, "timestamp": "2025-10-07T00:14:01.431", "updated_at": "2025-10-07T12:06:42.024"}}, {"model": "mainapp.transaction", "pk": 73, "fields": {"user": ["9712063836"], "name": "Samir malek ", "order": 118, "transaction_id": "ICP20251008933TIIKG", "token": "f96e70c12fb1b4c8791514e4ecbcd06afe11c131752296a9d397d341e2fec09dc1b854fa4d3a4069e4f305726b2d5db13644ba0283f840a9eeb2234f47a9c25c", "payment_id": null, "amount": "216.00", "phone_number": "+91 9712063836", "currency": "INR", "description": null, "transaction_status": "Paid", "refund_id": null, "refund_by": null, "timestamp": "2025-10-08T15:13:23.316", "updated_at": "2025-10-08T15:14:06.140"}}, {"model": "mainapp.transaction", "pk": 76, "fields": {"user": ["7391015533"], "name": "Prashant Budhehalkar", "order": 121, "transaction_id": "ICP20251019166DCLJG", "token": "45c94c6443a29f4a47078339465386204cd22beebe619b7cf3116bafcdb8c14e5a716180c1d922cefce55689af50ff04230572604eda441ce9aca507bb26de8f", "payment_id": null, "amount": "513.00", "phone_number": "+91 7391015533", "currency": "INR", "description": null, "transaction_status": "PENDING", "refund_id": null, "refund_by": null, "timestamp": "2025-10-19T15:20:27.934", "updated_at": "2025-10-19T15:20:27.934"}}, {"model": "mainapp.transaction", "pk": 77, "fields": {"user": ["7391015533"], "name": "Prashant Budhehalkar", "order": 122, "transaction_id": "ICP20251019946CBFTE", "token": "b6120c3450dc50b1a41eda53ce880fa61eb46203a3c57dfdc299317fa926c88dfc54c21c8106219a6efef753afe320127fe6a7143ab3b8d845e45df82331c294", "payment_id": null, "amount": "513.00", "phone_number": "+91 7391015533", "currency": "INR", "description": null, "transaction_status": "Paid", "refund_id": null, "refund_by": null, "timestamp": "2025-10-19T17:47:01.467", "updated_at": "2025-10-19T17:48:14.553"}}, {"model": "mainapp.transaction", "pk": 78, "fields": {"user": ["9712063836"], "name": "Samir malek ", "order": 123, "transaction_id": "ICP20251020783VENGX", "token": "b14582f1e8617140dd5e93233f8eb535e113b68ba55db131349843082365fe8ab99af44ba83233d0ed07de9ccfdd0c2715742cb17e14494978c8d927748d3f64", "payment_id": null, "amount": "216.00", "phone_number": "+91 9712063836", "currency": "INR", "description": null, "transaction_status": "Paid", "refund_id": null, "refund_by": null, "timestamp": "2025-10-20T21:52:11.655", "updated_at": "2025-10-20T21:53:47.865"}}, {"model": "mainapp.transaction", "pk": 79, "fields": {"user": ["8052528861"], "name": "Md Meezan", "order": 124, "transaction_id": "ICP20251023059PQJXE", "token": "a5f598dab65701b49418a260aa744e1e1b72444e2d31a075701fea3a03e88048e848d53fd6054f9cd2f87b3e3a65018982ef9a1b8fe88dad04075bb2a11bceae", "payment_id": null, "amount": "499.00", "phone_number": "+91 8052528861", "currency": "INR", "description": null, "transaction_status": "PENDING", "refund_id": null, "refund_by": null, "timestamp": "2025-10-23T20:47:19.097", "updated_at": "2025-10-23T20:47:19.097"}}, {"model": "mainapp.transaction", "pk": 80, "fields": {"user": ["7006647882"], "name": "vijay kumar", "order": 125, "transaction_id": "ICP20251101138CWYAK", "token": "f083a8ade8a92862c17a8c666815f31dba9fd47ae7332f81114412ca67b885b3b75dbe1e621ded7ae889fec433b389f8f8679928a7c9a0a211f49625e7a34249", "payment_id": null, "amount": "216.00", "phone_number": "+91 7006647882", "currency": "INR", "description": "", "transaction_status": "PENDING", "refund_id": null, "refund_by": null, "timestamp": "2025-11-01T01:35:09.417", "updated_at": "2025-11-01T14:43:05.082"}}, {"model": "mainapp.transaction", "pk": 81, "fields": {"user": ["8534854316"], "name": "Musharib Khan", "order": 126, "transaction_id": "ICP20251102923QCAMK", "token": "8df8b3c435f082c7bd2f8d954986106feef7afc0e8262fc672d9fda5f4ca2e8d32db500c86b006e4c9f42238ecec9c76901151c76bd4ca4dfa940063fe9c30b4", "payment_id": null, "amount": "499.00", "phone_number": "+91 8534854316", "currency": "INR", "description": null, "transaction_status": "PENDING", "refund_id": null, "refund_by": null, "timestamp": "2025-11-02T17:50:20.352", "updated_at": "2025-11-02T17:50:20.352"}}, {"model": "mainapp.transaction", "pk": 82, "fields": {"user": ["8534854316"], "name": "Musharib Khan", "order": 127, "transaction_id": "ICP20251102756DRATE", "token": "922250f039f252a2dac81714bd4009790e793c3e229cd9880d128b787ebd5bdba609d570085cdc80553830b7081955e7fb8b100e89aac03db1071b74d8056b0e", "payment_id": null, "amount": "216.00", "phone_number": "+91 8534854316", "currency": "INR", "description": null, "transaction_status": "PENDING", "refund_id": null, "refund_by": null, "timestamp": "2025-11-02T17:50:43.786", "updated_at": "2025-11-02T17:50:43.786"}}, {"model": "mainapp.transaction", "pk": 83, "fields": {"user": ["9712063836"], "name": "Samir malek", "order": 128, "transaction_id": "ICP20251102953PBYFB", "token": "5e7279b49582431b2b2b2d5b1093850b0cf5f84024bffe4d16099b0fa9258432fc0141522d2b25416e4a24907f01eb71bf3594093f5cacda3c2bd886a0fbbc1f", "payment_id": null, "amount": "387.00", "phone_number": "+91 9712063836", "currency": "INR", "description": "", "transaction_status": "Paid", "refund_id": null, "refund_by": null, "timestamp": "2025-11-02T20:36:14.078", "updated_at": "2025-11-04T11:32:35.335"}}, {"model": "mainapp.transaction", "pk": 84, "fields": {"user": ["7003033312"], "name": "Sonu Das", "order": 129, "transaction_id": "ICP20251104775YHQMI", "token": "8cda05ef6212f97ca1d80a52d2328f553e63efb46eb816c38d0318987e8545f7cf5cde5c35883939dee900832e7560cc4297e5b460218c129c5c2c3efc088f58", "payment_id": null, "amount": "387.00", "phone_number": "+91 7003033312", "currency": "INR", "description": null, "transaction_status": "Paid", "refund_id": null, "refund_by": null, "timestamp": "2025-11-04T17:50:18.426", "updated_at": "2025-11-04T17:50:52.158"}}, {"model": "mainapp.transaction", "pk": 85, "fields": {"user": ["9412366169"], "name": "Abhishek Soharia", "order": 130, "transaction_id": "ICP20251115191OEYEH", "token": "c08c52bf019888b7d99f7071ebdbd820a16b6cef4a16c110866f9fe0b51f5239a4ac268ca5d5836421f215db21761be39d9f03c7c3ec03ce590a6ed5966cd9ee", "payment_id": null, "amount": "499.00", "phone_number": "+91 9412366169", "currency": "INR", "description": null, "transaction_status": "PENDING", "refund_id": null, "refund_by": null, "timestamp": "2025-11-15T12:35:24.789", "updated_at": "2025-11-15T12:35:24.789"}}, {"model": "mainapp.transaction", "pk": 86, "fields": {"user": ["8191968444"], "name": "Azha", "order": 131, "transaction_id": "ICP20251118558SJLVF", "token": "02739106b6c76bb3b3539a9b4ddfa043a3611311d8e4756d2db0ae87d2043724fc60365aa123b69f5e332aabed2fa814a1ef5421b4c3a3119ce1be71a937cfa9", "payment_id": null, "amount": "499.00", "phone_number": "+91 8191968444", "currency": "INR", "description": null, "transaction_status": "PENDING", "refund_id": null, "refund_by": null, "timestamp": "2025-11-18T13:13:10.534", "updated_at": "2025-11-18T13:13:10.534"}}, {"model": "mainapp.transaction", "pk": 87, "fields": {"user": ["9712063836"], "name": "Samir malek", "order": 132, "transaction_id": "ICP20251120612SWRQW", "token": "606340f6b54aa649a73fc45a63324674bee4aa3eb72116f41d3ca5cde2a2615654aa3bfa5edf747a5e0bf02b7ff55f49d6e22f8782bdfce104248e0df8b223e1", "payment_id": null, "amount": "387.00", "phone_number": "+91 9712063836", "currency": "INR", "description": "", "transaction_status": "PENDING", "refund_id": null, "refund_by": null, "timestamp": "2025-11-20T15:36:16.262", "updated_at": "2025-11-22T21:13:46.508"}}, {"model": "mainapp.transaction", "pk": 88, "fields": {"user": ["7006647882"], "name": "vijay kumar ", "order": 133, "transaction_id": "ICP20251124473MVYNO", "token": "d724bb56a75efcffd38a4791cfaec6b4d8c075929e44d097dbe816504be78392a621da21036b1bbfd0c79ed049807febe51a6e6fffa1481c46eccd3a92ad56ec", "payment_id": null, "amount": "630.00", "phone_number": "+91 7006647882", "currency": "INR", "description": null, "transaction_status": "Paid", "refund_id": null, "refund_by": null, "timestamp": "2025-11-24T18:41:25.395", "updated_at": "2025-11-24T18:45:11.562"}}, {"model": "mainapp.transaction", "pk": 91, "fields": {"user": ["9898989898"], "name": "Shaikh Mohammadtofik", "order": 136, "transaction_id": "ICP20260210465AXNHW", "token": "97e9e06e3bfc933a8b9a3826e4bc8598f405b11184811eab7ad70f7bc065478f116dedff4204708c3c47b01076f6a43f8c8fca467196c61f65fd63f4e1fff508", "payment_id": null, "amount": "1.00", "phone_number": "+91 9898989898", "currency": "INR", "description": null, "transaction_status": "PENDING", "refund_id": null, "refund_by": null, "timestamp": "2026-02-10T16:02:32.255", "updated_at": "2026-02-10T16:02:32.255"}}, {"model": "mainapp.transaction", "pk": 92, "fields": {"user": ["9898989898"], "name": "Shaikh Mohammadtofik", "order": 137, "transaction_id": "ICP20260210040XOEJH", "token": "78a9905358eb0034d9e9c330310eb7eb7bf6c04019e23c444691aa96701edbf66c0f22c732b6b61457f669819b6958af20a969787935b298aaba75321ac230e3", "payment_id": null, "amount": "1340.00", "phone_number": "+91 9898989898", "currency": "INR", "description": null, "transaction_status": "PENDING", "refund_id": null, "refund_by": null, "timestamp": "2026-02-10T16:03:35.983", "updated_at": "2026-02-10T16:03:35.983"}}, {"model": "mainapp.transaction", "pk": 93, "fields": {"user": ["9898989898"], "name": "Shaikh Mohammadtofik", "order": 138, "transaction_id": "ICP20260210574PFPRU", "token": "cafc8230ef40c905dbf9964ccf193a2cc270a3af0e5d09587c8f1b417e4843220ca0a6858a5c069951d9a703450a13c04051463458f40682716d5f6e394d839c", "payment_id": null, "amount": "1.00", "phone_number": "+91 9898989898", "currency": "INR", "description": null, "transaction_status": "PENDING", "refund_id": null, "refund_by": null, "timestamp": "2026-02-10T16:38:44.578", "updated_at": "2026-02-10T16:38:44.578"}}, {"model": "mainapp.transaction", "pk": 94, "fields": {"user": ["9898989898"], "name": "Shaikh Mohammadtofik", "order": 139, "transaction_id": "ICP20260210598AJSFD", "token": "7fc7c6a83647159e5189a3821d48d9a99dee787b2747de6f76734b8057239633a4f24bc7cc1ec0c5226a4a88fecc990e345506654d23598414f951f7c8c4765f", "payment_id": null, "amount": "1.00", "phone_number": "+91 9898989898", "currency": "INR", "description": null, "transaction_status": "PENDING", "refund_id": null, "refund_by": null, "timestamp": "2026-02-10T16:44:51.785", "updated_at": "2026-02-10T16:44:51.785"}}, {"model": "mainapp.transaction", "pk": 95, "fields": {"user": ["9898989898"], "name": "Shaikh Mohammadtofik", "order": 140, "transaction_id": "ICP20260210641LBAYT", "token": "f64007074d44e28ef84c132d5c849d7f322525a6fcec3d6087a874ca3a14c1bf3b9c1cd74ed64abfea44ab3b12e7ed4a7525e383cb80632d4b0930306f8d0053", "payment_id": null, "amount": "1.00", "phone_number": "+91 7048786234", "currency": "INR", "description": null, "transaction_status": "PENDING", "refund_id": null, "refund_by": null, "timestamp": "2026-02-10T16:46:30.357", "updated_at": "2026-02-10T16:46:30.357"}}, {"model": "mainapp.transaction", "pk": 96, "fields": {"user": ["9898989898"], "name": "Shaikh Mohammadtofik", "order": 141, "transaction_id": "ICP20260210108BZCTK", "token": "055f1c4e5d0b9a230be78135f13de141233ee0c7f431d22b91320b06e4e2f886f70e838ec267b85ce47cbacc827689d2824c358524c1b293106244ea680ef54b", "payment_id": null, "amount": "1340.00", "phone_number": "+91 9898989898", "currency": "INR", "description": null, "transaction_status": "PENDING", "refund_id": null, "refund_by": null, "timestamp": "2026-02-10T16:54:46.338", "updated_at": "2026-02-10T16:54:46.338"}}, {"model": "mainapp.transaction", "pk": 97, "fields": {"user": ["9898989898"], "name": "Shaikh Mohammadtofik", "order": 142, "transaction_id": "ICP20260219832CIULU", "token": "65337dcd4253b3d223aed59ed4fd1e39ccce9af8d2b1f3766a51770dccc1a9be569f797251593bd983091ec36c18c795049414f5ae805683ffb7026f14da486e", "payment_id": null, "amount": "1341.00", "phone_number": "+91 9898989898", "currency": "INR", "description": null, "transaction_status": "PENDING", "refund_id": null, "refund_by": null, "timestamp": "2026-02-19T16:38:04.319", "updated_at": "2026-02-19T16:38:04.319"}}, {"model": "mainapp.transaction", "pk": 98, "fields": {"user": ["9898989898"], "name": "Shaikh Mohammadtofik", "order": 143, "transaction_id": "ICP20260219258RJFMR", "token": "ac3070973a91b7c6c4c32da22f9cf05ea11141e9fc0a05908592df8f7b737d7f79f48ffa276d6ae932285c7efac38e288415fffde3de06120051657007cf9c6e", "payment_id": null, "amount": "1169.00", "phone_number": "+91 9898989898", "currency": "INR", "description": null, "transaction_status": "PENDING", "refund_id": null, "refund_by": null, "timestamp": "2026-02-19T16:48:27.046", "updated_at": "2026-02-19T16:48:27.046"}}, {"model": "mainapp.transaction", "pk": 99, "fields": {"user": ["9898989898"], "name": "Shaikh Mohammadtofik", "order": 144, "transaction_id": "ICP20260223629MMFFU", "token": "f38e5771d6be7fd9ff6891f8daa545073b3c5eae581ad93c92745aba3d4e60180907a0014b459bad900b390b0d5f46c8667922394224fc12ca903e123676d4ea", "payment_id": null, "amount": "2091.00", "phone_number": "+91 9898989898", "currency": "INR", "description": null, "transaction_status": "PENDING", "refund_id": null, "refund_by": null, "timestamp": "2026-02-23T00:12:42.278", "updated_at": "2026-02-23T00:12:42.278"}}, {"model": "mainapp.transaction", "pk": 100, "fields": {"user": ["9898989898"], "name": "Shaikh Mohammadtofik", "order": 145, "transaction_id": "ICP20260223735SDDOE", "token": "d79d3358f42f9672349aa1458f1768a9957472a3859dc197affb6c90182bd3531be7a0441a3ba41269a10d8388238a5d6607e1bbae22e04b4c61dcebd9a6e6da", "payment_id": null, "amount": "1.00", "phone_number": "+91 9898989898", "currency": "INR", "description": null, "transaction_status": "PENDING", "refund_id": null, "refund_by": null, "timestamp": "2026-02-23T00:16:31.973", "updated_at": "2026-02-23T00:16:31.973"}}, {"model": "mainapp.transaction", "pk": 104, "fields": {"user": ["9696969696"], "name": "fopewmor", "order": 149, "transaction_id": "ICPREVBDC7KZGJT", "token": "0554563fe1e846ed3ce292cf958f18ea97de98189ecda175bf20dece7b6e0af45657f5da90831a4340d117eefc9eeec5fb4f00c973e127336db2c58172d11cfe", "payment_id": null, "amount": "998.00", "phone_number": "+91 9696969696", "currency": "INR", "description": null, "transaction_status": "PENDING", "refund_id": null, "refund_by": null, "timestamp": "2026-03-10T14:25:15.752", "updated_at": "2026-03-10T14:25:15.752"}}, {"model": "mainapp.transaction", "pk": 105, "fields": {"user": ["7048796234"], "name": "Shaikh Mohammadtofik", "order": 150, "transaction_id": "ICP1240T3TOT3Y1", "token": "226ee8c8dbcf8ce62b517e9e341e03f7e6cb5e220df4a4957233b711625b2e24401686bed51940fa16a47be81351056e9992a1f473fde3c3dce4dcaa7517238f", "payment_id": null, "amount": "499.00", "phone_number": "+91 7048796234", "currency": "INR", "description": null, "transaction_status": "PENDING", "refund_id": null, "refund_by": null, "timestamp": "2026-03-10T22:54:04.248", "updated_at": "2026-03-10T22:54:04.248"}}, {"model": "mainapp.transaction", "pk": 106, "fields": {"user": ["7048786234"], "name": "Shaikh Mohammadtofik", "order": 151, "transaction_id": "ICPXMQBI7CS6G86", "token": "a3825106c4322910e3bd4a5357b267364d032888fde4b6de38dc3be8447f1b00227b2b8082865e73c8010c2c65328cc28f898c90255af57314de0816384aee94", "payment_id": null, "amount": "1169.00", "phone_number": "+91 7048786234", "currency": "INR", "description": null, "transaction_status": "PENDING", "refund_id": null, "refund_by": null, "timestamp": "2026-03-14T01:26:59.741", "updated_at": "2026-03-14T01:26:59.741"}}, {"model": "mainapp.transaction", "pk": 107, "fields": {"user": ["5556575859"], "name": "Shaikh Mohammadtofik", "order": 152, "transaction_id": "ICPR93E3CQ7Q7Y7", "token": "a6993251daf1df21eb84a927ce78390b84a1f6e1e9da49e0c6c2b24d8c1b663f730f191c2a82d6cc10d4e9289fc00cc9a016b94e6927b97cb69f1eb529fa0d14", "payment_id": null, "amount": "2666.00", "phone_number": "+91 7048786234", "currency": "INR", "description": null, "transaction_status": "PENDING", "refund_id": null, "refund_by": null, "timestamp": "2026-03-21T18:22:36.082", "updated_at": "2026-03-21T18:22:36.082"}}, {"model": "mainapp.wishlist", "pk": 12, "fields": {"user": ["9327201570"], "variant": 135, "added_at": "2025-06-04T13:32:27.371", "updated_at": "2025-06-04T13:32:27.371"}}, {"model": "mainapp.wishlist", "pk": 13, "fields": {"user": ["9328201670"], "variant": 141, "added_at": "2025-06-05T14:28:11.986", "updated_at": "2025-06-05T14:28:11.986"}}, {"model": "mainapp.wishlist", "pk": 15, "fields": {"user": ["9892993475"], "variant": 143, "added_at": "2025-06-05T14:28:29.364", "updated_at": "2025-06-05T14:28:29.364"}}, {"model": "mainapp.wishlist", "pk": 16, "fields": {"user": ["+91 8980423080"], "variant": 142, "added_at": "2025-06-05T14:28:38.775", "updated_at": "2025-06-05T14:28:38.775"}}, {"model": "mainapp.wishlist", "pk": 17, "fields": {"user": ["9104482200"], "variant": 137, "added_at": "2025-06-05T14:28:47.199", "updated_at": "2025-06-05T14:28:47.199"}}, {"model": "mainapp.wishlist", "pk": 18, "fields": {"user": ["9327201570"], "variant": 143, "added_at": "2025-06-05T14:28:56.886", "updated_at": "2025-06-05T14:28:56.886"}}, {"model": "mainapp.wishlist", "pk": 24, "fields": {"user": ["9892993471"], "variant": 143, "added_at": "2025-08-13T18:02:55.129", "updated_at": "2025-08-13T18:02:55.129"}}, {"model": "mainapp.wishlist", "pk": 26, "fields": {"user": ["8534854316"], "variant": 223, "added_at": "2025-11-02T17:51:31.494", "updated_at": "2025-11-02T17:51:31.494"}}, {"model": "mainapp.wishlist", "pk": 27, "fields": {"user": ["8534854316"], "variant": 222, "added_at": "2025-11-02T17:51:33.224", "updated_at": "2025-11-02T17:51:33.224"}}, {"model": "mainapp.review", "pk": 6, "fields": {"product": 143, "user": ["8140277661"], "rating": 5, "comment": "After trying so many perfumes & Attars, Zara Gold is the one I keep coming back to. It feels unique, elegant, and people always ask me what I’m wearing. And This is long lasting Attar ", "created_at": "2025-08-27T12:56:56.113"}}, {"model": "mainapp.review", "pk": 7, "fields": {"product": 143, "user": ["9898899889"], "rating": 5, "comment": "Nice Attar", "created_at": "2025-08-27T13:00:19.203"}}, {"model": "mainapp.review", "pk": 8, "fields": {"product": 143, "user": ["9898899889"], "rating": 4, "comment": "Fresh and fruity with a warm, cozy base that feels playful yet comforting.", "created_at": "2025-08-27T13:37:10.598"}}, {"model": "mainapp.review", "pk": 9, "fields": {"product": 101, "user": ["9999999999"], "rating": 3, "comment": "Best of all", "created_at": "2025-11-05T12:53:48.434"}}, {"model": "mainapp.banner", "pk": 2, "fields": {"section": "hero_2", "image": "Banners/Hero_banners_3_1_ovc0ocr.webp", "mobile_image": "Mobile_Banners/Mobile_Home_Banner_1.webp", "is_active": true}}, {"model": "mainapp.newsletter", "pk": 2, "fields": {"email": "adnanshaikh1402@gmail.com", "subscribed_at": "2025-06-04T12:08:18.230"}}, {"model": "mainapp.newsletter", "pk": 3, "fields": {"email": "webifycare@gmail.com", "subscribed_at": "2025-06-04T12:11:29.585"}}, {"model": "mainapp.newsletter", "pk": 4, "fields": {"email": "ishaq@webify.ai", "subscribed_at": "2025-06-04T14:51:44.694"}}, {"model": "mainapp.newsletter", "pk": 5, "fields": {"email": "affdsa@afda", "subscribed_at": "2025-06-05T14:22:54.728"}}, {"model": "mainapp.newsletter", "pk": 6, "fields": {"email": "mdarshd7079@yahoo.com", "subscribed_at": "2025-07-27T09:32:19.761"}}, {"model": "mainapp.newsletter", "pk": 7, "fields": {"email": "khanyawerhaseen@gmail.com", "subscribed_at": "2025-08-16T02:43:23.689"}}, {"model": "mainapp.newsletter", "pk": 8, "fields": {"email": "aslambasha4278@gmail.com", "subscribed_at": "2025-09-21T21:00:19.521"}}, {"model": "mainapp.newsletter", "pk": 9, "fields": {"email": "samirmalek1354@gmail.com", "subscribed_at": "2025-12-06T15:49:00.744"}}, {"model": "mainapp.contactus", "pk": 8, "fields": {"name": "PRASHANT BUDHEHALKAR ", "email": "prashantsb9028@gmail.com ", "phone": "7391015533", "subject": "Invoice No-ICPIV36123. Perfume Not Received Till Date", "message": "Invoice No-ICPIV36123.\nDate 19 OCT 2025\n Perfume Not Received Till Date", "submitted_at": "2025-11-03T22:56:13.547"}}, {"model": "mainapp.shiprockettoken", "pk": 16, "fields": {"token": "ZXlKaGJHY2lPaUpJVXpJMU5pSXNJblI1Y0NJNklrcFhWQ0o5LmV5SnpkV0lpT2pRd01qRTRNVE1zSW5OdmRYSmpaU0k2SW5OeUxXRjFkR2d0YVc1MElpd2laWGh3SWpveE56WTBOVEl3T1RjNUxDSnFkR2tpT2lKNVJWVjBWVEV4YmtrMGVtbEtWRU5OSWl3aWFXRjBJam94TnpZek5qVTJPVGM1TENKcGMzTWlPaUpvZEhSd2N6b3ZMM055TFdGMWRHZ3VjMmhwY0hKdlkydGxkQzVwYmk5aGRYUm9iM0pwZW1VdmRYTmxjaUlzSW01aVppSTZNVGMyTXpZMU5qazNPU3dpWTJsa0lqb3pPVEUyTVRrM0xDSjBZeUk2TXpZd0xDSjJaWEppYjNObElqcG1ZV3h6WlN3aWRtVnVaRzl5WDJsa0lqb3dMQ0oyWlc1a2IzSmZZMjlrWlNJNklpSjkudlhodGFXTUM2SmZ3MVFWeTNCWE9oWkx2RDhvdWdOMWd5QXJiYlJKcDV2dw==", "created_at": "2025-11-20T22:12:59.840"}}, {"model": "mainapp.checkoutsession", "pk": 1, "fields": {"session_token": "186806a0-c951-4e1c-8524-310eba0b9f49", "variant": 141, "quantity": 1, "price_snapshot": "171.00", "user": null, "created_at": "2026-03-09T01:38:54.540", "expires_at": "2026-03-09T02:08:54.539"}}, {"model": "mainapp.checkoutsession", "pk": 2, "fields": {"session_token": "b5666932-1a2e-4784-99c7-295a53dd35c3", "variant": 141, "quantity": 1, "price_snapshot": "171.00", "user": null, "created_at": "2026-03-09T01:49:51.023", "expires_at": "2026-03-09T02:19:51.022"}}, {"model": "mainapp.checkoutsession", "pk": 3, "fields": {"session_token": "525873c1-36b9-4402-ac67-5561b588d4d1", "variant": 224, "quantity": 1, "price_snapshot": "171.00", "user": null, "created_at": "2026-03-10T15:15:51.080", "expires_at": "2026-03-10T15:45:51.078"}}, {"model": "mainapp.checkoutsession", "pk": 4, "fields": {"session_token": "22664874-66c2-4e7e-9315-e757151e92a7", "variant": 224, "quantity": 1, "price_snapshot": "171.00", "user": null, "created_at": "2026-03-14T01:15:40.243", "expires_at": "2026-03-14T01:45:40.240"}}, {"model": "mainapp.checkoutsession", "pk": 5, "fields": {"session_token": "45d40b62-79ee-4628-ba71-057565af0f3b", "variant": 222, "quantity": 1, "price_snapshot": "499.00", "user": null, "created_at": "2026-03-21T18:29:33.105", "expires_at": "2026-03-21T18:59:33.104"}}, {"model": "django_summernote.attachment", "pk": 1, "fields": {"name": "Ameer Ai Qudh.webp", "file": "django-summernote/2025-05-20/02faf36d-e235-446e-a273-45dbfd69c8de.webp", "uploaded": "2025-05-20T16:19:02.809"}}, {"model": "django_summernote.attachment", "pk": 2, "fields": {"name": "Ameer Ai Qudh.webp", "file": "django-summernote/2025-05-20/4e8a9f4f-a396-412f-9c29-b9191eb34021.webp", "uploaded": "2025-05-20T16:28:51.023"}}, {"model": "django_summernote.attachment", "pk": 3, "fields": {"name": "Amir 1.webp", "file": "django-summernote/2025-06-21/5c63d43e-7c1b-40b5-9b26-d809c6503e0f.webp", "uploaded": "2025-06-21T12:26:39.810"}}]